0,ᄀᅠ,106
1,ᄀᅠᆫ,1
2,가ᇇ,14
3,가ᇙ,40
4,가ᇝ,44
5,가ᇢ,81
6,가ᇥ,2
7,가ᇦ,13
8,가ᇫ,4
9,가ᇰ,526
10,가ᇱ,1
11,가ᇹ,1
12,가ᇻ,1
13,개ᇢ,1
14,개ᇰ,5
15,갸ᇢ,140
16,갸ᇦ,88
17,갸ᇰ,1
18,갸ᇹ,31
19,거ᇙ,34
20,거ᇫ,21
21,거ᇰ,23
22,거ᇹ,35
23,겨ᇙ,373
24,겨ᇢ,4
25,겨ᇫ,42
26,겨ᇰ,4038
27,겨ᇱ,6
28,겨ᇹ,29
29,겨ᇿ,1
30,계ᇰ,1
31,계ᇿ,1
32,고ᇙ,61
33,고ᇝ,10
34,고ᇢ,69
35,고ᇫ,34
36,고ᇰ,2961
37,고ᇱ,2
38,과ᇇ,1
39,과ᇙ,5
40,과ᇢ,2
41,과ᇦ,4
42,과ᇫ,36
43,과ᇰ,1368
44,과ᇹ,8
45,괴ᇰ,35
46,교ᇙ,20
47,교ᇢ,1089
48,교ᇰ,1
49,구ᇙ,1
50,구ᇝ,2
51,구ᇢ,815
52,구ᇫ,5
53,구ᇰ,317
54,구ᇹ,64
55,궈ᇇ,2
56,궈ᇙ,12
57,궈ᇹ,15
58,궈ᇿ,1
59,귀ᇰ,2
60,귀ᇹ,16
61,규ᇙ,4
62,규ᇰ,2
63,규ᇹ,7
64,그ᇙ,45
65,그ᇝ,89
66,그ᇟ,1
67,그ᇢ,129
68,그ᇩ,1
69,그ᇫ,15
70,그ᇰ,32
71,그ᇹ,11
72,그ᇻ,1
73,그ᇿ,3
74,긔ᇙ,3
75,긔ᇰ,3
76,긔ᇹ,12
77,기ᇙ,78
78,기ᇝ,1
79,기ᇢ,37
80,기ᇰ,9
81,기ᇹ,41
82,기ᇻ,1
83,ᄀᅶ,126
84,ᄀᅸ,115
85,ᄀᅺ,1
86,ᄀᅺᆯ,1
87,ᄀᅺᆼ,2
88,ᄀᅻ,3
89,ᄀᅻᆫ,2
90,ᄀᅿ,8
91,ᄀᅿᆯ,3
92,ᄀᆂ,10
93,ᄀᆂᆯ,15
94,ᄀᆃ,1
95,ᄀᆈ,1669
96,ᄀᆈᆫ,12
97,ᄀᆈᆼ,1
98,ᄀᆉ,2
99,ᄀᆉᆼ,1
100,ᄀᆊ,2
101,ᄀᆋᆼ,2
102,ᄀᆌ,11
103,ᄀᆌᆫ,1
104,ᄀᆍ,23
105,ᄀᆍᆫ,1
106,ᄀᆍᆼ,1
107,ᄀᆎᆫ,2
108,ᄀᆏ,1
109,ᄀᆏᆫ,5
110,ᄀᆏᇙ,7
111,ᄀᆐ,1
112,ᄀᆐᆼ,2
113,ᄀᆑ,26
114,ᄀᆑᆫ,100
115,ᄀᆑᆼ,3
116,ᄀᆑᇙ,179
117,ᄀᆑᇰ,5
118,ᄀᆑᇹ,14
119,ᄀᆑퟛ,1
120,ᄀᆒᆼ,28
121,ᄀᆔ,281
122,ᄀᆔᆫ,1
123,ᄀᆔᆯ,3
124,ᄀᆔᆼ,25
125,ᄀᆔᇹ,1
126,ᄀᆕ,139
127,ᄀᆖᆫ,1
128,ᄀᆖᆼ,2
129,ᄀᆖᇰ,1
130,ᄀᆘ,1
131,ᄀᆚ,1
132,ᄀᆛ,67
133,ᄀᆜ,7
134,ᄀᆜᆼ,3
135,ᄀᆝ,2
136,ᄀᆞ,23618
137,ᄀᆞᆨ,227
138,ᄀᆞᆫ,3560
139,ᄀᆞᆮ,4388
140,ᄀᆞᆯ,23500
141,ᄀᆞᆰ,3
142,ᄀᆞᆱ,2
143,ᄀᆞᆲ,82
144,ᄀᆞᆳ,20
145,ᄀᆞᆷ,1235
146,ᄀᆞᆸ,53
147,ᄀᆞᆺ,25105
148,ᄀᆞᆻ,9
149,ᄀᆞᆼ,8
150,ᄀᆞᆽ,1
151,ᄀᆞᇀ,4
152,ᄀᆞᇁ,1
153,ᄀᆞᇇ,3
154,ᄀᆞᇓ,3
155,ᄀᆞᇙ,1
156,ᄀᆞᇣ,1
157,ᄀᆞᇫ,22
158,ᄀᆞퟍ,3
159,ᄀᆟ,2
160,ᄀᆠᆫ,1
161,ᄀᆡ,8993
162,ᄀᆡᆨ,4372
163,ᄀᆡᆩ,3
164,ᄀᆡᆫ,25
165,ᄀᆡᆯ,12
166,ᄀᆡᆷ,1
167,ᄀᆡᆸ,1
168,ᄀᆡᆺ,95
169,ᄀᆡᆼ,636
170,ᄀᆡᇙ,1
171,ᄀᆡᇫ,4
172,ᄀᆡᇰ,76
173,ᄀᆦ,8
174,ᄀᆦᆫ,3
175,ᄀᆦᆼ,1
176,ᄀᆦᇰ,4
177,ᄀᆧ,2
178,ᄀᆧᆨ,1
179,ᄀힲ,1
180,ᄀힲᆫ,1
181,ᄀힵᆫ,2
182,ᄀힵᆼ,1
183,ᄀힵᇙ,1
184,ᄀힵᇰ,1
185,ᄀힶ,5
186,ᄀힹ,16
187,ᄀힹᆫ,1
188,ᄀힹᆼ,3
189,ᄀힹᇰ,1
190,ᄀힺ,4
191,ᄀힺᆫ,5
192,ᄀힺᆯ,1
193,ᄀힻ,1
194,ᄀퟄ,21
195,ᄀퟅ,6
196,ᄀퟅᆨ,1
197,ᄀퟅᆯ,1
198,ᄀퟅᆹ,1
199,ᄀퟅᆺ,1
200,ᄀퟅᇰ,1
201,ᄁᅠ,6
202,까ᇰ,25
203,꺄ᇢ,27
204,꺄ᇰ,1
205,꺼ᇙ,41
206,껴ᇢ,3
207,껴ᇰ,3
208,껴ᇹ,2
209,꼬ᇢ,1
210,꼬ᇰ,22
211,꽈ᇰ,10
212,꾜ᇢ,2
213,꾸ᇙ,35
214,꾸ᇢ,826
215,꾸ᇰ,199
216,꿔ᇙ,2
217,뀨ᇢ,4
218,끄ᇙ,2
219,끄ᇢ,4
220,끄ᇰ,11
221,끠ᇰ,1
222,끼ᇢ,72
223,끼ᇹ,15
224,ᄁᆑ,8
225,ᄁᆑᆫ,10
226,ᄁᆑᇙ,1
227,ᄁᆑᇹ,6
228,ᄁᆒᆼ,2
229,ᄁᆔᆫ,2
230,ᄁᆔᆼ,6
231,ᄁᆖᆫ,1
232,ᄁᆜᆼ,1
233,ᄁᆞ,108
234,ᄁᆞᆫ,1
235,ᄁᆞᆺ,2
236,ᄁᆡ,104
237,ᄁᆡᆫ,1
238,ᄁᆡᆯ,2
239,ᄁᆡᆷ,3
240,ᄁힵᆫ,4
241,ᄂᅠ,162
242,나ᇇ,1
243,나ᇙ,115
244,나ᇢ,24
245,나ᇣ,1
246,나ᇫ,1
247,나ᇰ,25
248,나ᇹ,13
249,나ퟞ,1
250,내ᇙ,10
251,냐ᇢ,15
252,냐ᇦ,2
253,냐ᇫ,4
254,냐ᇰ,41
255,너ᇙ,6
256,너ᇝ,18
257,너ᇰ,5
258,너ᇹ,1
259,너ᇺ,1
260,녀ᇇ,2
261,녀ᇙ,624
262,녀ᇢ,3
263,녀ᇫ,8
264,녀ᇰ,75
265,녀ᇹ,14
266,녀ퟠ,1
267,녜ᇙ,1
268,노ᇇ,2
269,노ᇙ,2
270,노ᇢ,539
271,노ᇰ,15
272,뇌ᇰ,2
273,뇨ᇙ,3
274,뇨ᇢ,5
275,뇨ᇫ,1
276,뇨ᇰ,10
277,누ᇆ,5
278,누ᇇ,180
279,누ᇈ,3
280,누ᇰ,17
281,누ᇹ,1
282,뉴ᇢ,29
283,뉴ᇫ,1
284,뉴ᇰ,2
285,느ᇆ,1
286,느ᇇ,2
287,느ᇢ,10
288,느ᇫ,2
289,느ᇰ,2696
290,느ᇹ,1
291,니ᇙ,25
292,니ᇝ,26
293,니ᇢ,72
294,니ᇣ,1
295,니ᇫ,11
296,니ᇰ,7
297,니ᇹ,4
298,ᄂᅶ,51
299,ᄂᅸ,30
300,ᄂᅺ,1
301,ᄂᅻ,1
302,ᄂᅿ,1
303,ᄂᆂᆯ,1
304,ᄂᆃᆯ,1
305,ᄂᆈ,129
306,ᄂᆉ,4
307,ᄂᆉᆫ,1
308,ᄂᆏᆫ,1
309,ᄂᆔ,1088
310,ᄂᆔᆫ,11
311,ᄂᆔᆯ,1
312,ᄂᆕ,8
313,ᄂᆖ,4
314,ᄂᆖᆫ,1
315,ᄂᆘ,3
316,ᄂᆘᆨ,1
317,ᄂᆚ,1
318,ᄂᆛ,96
319,ᄂᆜᆼ,1
320,ᄂᆝ,3
321,ᄂᆞ,58735
322,ᄂᆞᆨ,49
323,ᄂᆞᆫ,188301
324,ᄂᆞᆬ,1
325,ᄂᆞᆮ,20
326,ᄂᆞᆯ,33027
327,ᄂᆞᆰ,17
328,ᄂᆞᆱ,1
329,ᄂᆞᆲ,15
330,ᄂᆞᆳ,415
331,ᄂᆞᆷ,921
332,ᄂᆞᆸ,1
333,ᄂᆞᆺ,1306
334,ᄂᆞᆻ,2
335,ᄂᆞᆼ,4
336,ᄂᆞᆽ,1
337,ᄂᆞᇂ,1
338,ᄂᆞᇇ,1
339,ᄂᆞᇐ,1
340,ᄂᆞᇗ,4
341,ᄂᆞᇙ,7
342,ᄂᆞᇢ,1
343,ᄂᆞᇫ,5
344,ᄂᆞᇰ,5
345,ᄂᆞᇿ,4
346,ᄂᆡ,44523
347,ᄂᆡᆨ,8
348,ᄂᆡᆫ,828
349,ᄂᆡᆯ,676
350,ᄂᆡᆷ,68
351,ᄂᆡᆸ,18
352,ᄂᆡᆺ,27
353,ᄂᆡᆼ,1076
354,ᄂᆡᆽ,1
355,ᄂᆡᇰ,12
356,ᄂᆢ,1
357,ᄂᆢᆫ,1
358,ᄂᆦ,1
359,ᄂힶ,1
360,ᄂힹ,2
361,ᄂힹᇙ,1
362,ᄂퟄ,11
363,ᄂퟄᆯ,1
364,ᄂퟄᆼ,1
365,ᄂퟅ,1
366,ᄂퟅᆷ,1
367,ᄃᅠ,164
368,ᄃᅠᆨ,1
369,ᄃᅠᆫ,1
370,다ᇇ,2
371,다ᇙ,14
372,다ᇝ,5
373,다ᇢ,198
374,다ᇫ,18
375,다ᇰ,1051
376,다ᇱ,3
377,다ᇹ,19
378,다ᇿ,1
379,다ퟐ,2
380,댜ᇢ,33
381,댜ᇫ,1
382,댜ᇰ,516
383,댜ᇱ,4
384,댜ᇹ,1
385,댸ᇰ,1
386,더ᇝ,11
387,더ᇰ,37
388,더ᇹ,1
389,뎌ᇙ,4
390,뎌ᇢ,4
391,뎌ᇫ,2
392,뎌ᇰ,1094
393,뎌ᇹ,19
394,뎨ᇰ,3
395,도ᇙ,17
396,도ᇢ,247
397,도ᇫ,7
398,도ᇰ,587
399,도ᇱ,2
400,돠ᇙ,1
401,되ᇰ,1
402,됴ᇢ,71
403,됴ᇰ,1
404,두ᇙ,13
405,두ᇢ,62
406,두ᇰ,38
407,두ᇹ,2
408,둬ᇹ,3
409,듀ᇙ,4
410,듀ᇢ,17
411,듀ᇫ,1
412,듀ᇰ,3293
413,듀ᇱ,1
414,듀ᇹ,1
415,드ᇎ,2
416,드ᇙ,20
417,드ᇝ,2
418,드ᇢ,69
419,드ᇣ,2
420,드ᇫ,25
421,드ᇰ,1591
422,드ᇱ,1
423,드ᇿ,1
424,듸ᇙ,1
425,듸ᇹ,105
426,디ᇙ,6
427,디ᇢ,10
428,디ᇰ,29
429,디ᇹ,354
430,ᄃᅶ,442
431,ᄃᅶᆯ,1
432,ᄃᅸ,58
433,ᄃᅺ,1
434,ᄃᅻ,3
435,ᄃᅻᆫ,5
436,ᄃᅼᆫ,2
437,ᄃᅼᆺ,1
438,ᄃᆂ,14
439,ᄃᆂᆯ,1
440,ᄃᆈ,678
441,ᄃᆈᆫ,5
442,ᄃᆍ,2
443,ᄃᆍᆯ,1
444,ᄃᆏᆫ,13
445,ᄃᆑᆫ,241
446,ᄃᆒᆫ,1
447,ᄃᆔ,118
448,ᄃᆔᆫ,2
449,ᄃᆔᆺ,1
450,ᄃᆔᆼ,8
451,ᄃᆔᇰ,1
452,ᄃᆕ,135
453,ᄃᆖ,2
454,ᄃᆖᆫ,8
455,ᄃᆖᆺ,1
456,ᄃᆘ,1
457,ᄃᆚᆨ,1
458,ᄃᆚᆼ,1
459,ᄃᆛ,10
460,ᄃᆜᆫ,1
461,ᄃᆜᆼ,27
462,ᄃᆜᇹ,1
463,ᄃᆝ,1
464,ᄃᆞ,28810
465,ᄃᆞᆨ,912
466,ᄃᆞᆩ,2
467,ᄃᆞᆫ,3230
468,ᄃᆞᆮ,275
469,ᄃᆞᆯ,10653
470,ᄃᆞᆰ,550
471,ᄃᆞᆱ,11
472,ᄃᆞᆲ,629
473,ᄃᆞᆳ,53
474,ᄃᆞᆶ,1
475,ᄃᆞᆷ,378
476,ᄃᆞᆸ,7
477,ᄃᆞᆺ,10174
478,ᄃᆞᆻ,3
479,ᄃᆞᆼ,24
480,ᄃᆞᇃ,1
481,ᄃᆞᇎ,1
482,ᄃᆞᇙ,8
483,ᄃᆞᇣ,2
484,ᄃᆞᇩ,1
485,ᄃᆞᇫ,15
486,ᄃᆞᇰ,22
487,ᄃᆟ,2
488,ᄃᆟᆫ,1
489,ᄃᆡ,158333
490,ᄃᆡᆨ,255
491,ᄃᆡᆫ,345
492,ᄃᆡᆯ,329
493,ᄃᆡᆷ,8
494,ᄃᆡᆸ,2
495,ᄃᆡᆺ,169
496,ᄃᆡᆼ,46
497,ᄃᆡᇰ,1
498,ᄃힰ,2
499,ᄃힲᇙ,1
500,ᄃힹ,3
501,ᄃힺ,1
502,ᄃힺᆫ,2
503,ᄃퟄ,18
504,ᄃퟄᆫ,2
505,ᄃퟅ,24
506,ᄃퟅᆯ,1
507,ᄃퟅᆺ,1
508,ᄃퟅᆼ,4
509,ᄃퟅᇰ,1
510,ᄄᅠ,6
511,따ᇐ,3
512,따ᇙ,294
513,따ᇢ,104
514,따ᇦ,2
515,따ᇰ,163
516,따ᇹ,16
517,따ퟛ,2
518,때ᇢ,1
519,때ᇰ,7
520,땨ᇢ,37
521,땨ᇰ,509
522,땨ᇹ,1
523,떠ᇰ,12
524,뗘ᇙ,1
525,뗘ᇢ,9
526,뗘ᇰ,999
527,뗴ᇰ,7
528,또ᇙ,7
529,또ᇢ,2482
530,또ᇰ,540
531,똬ᇙ,5
532,똬ᇰ,69
533,뚀ᇢ,257
534,뚜ᇢ,295
535,뚜ᇰ,3
536,뚜ᇹ,33
537,뚸ᇹ,3
538,뛰ᇹ,1
539,뜌ᇙ,5
540,뜌ᇢ,6
541,뜌ᇰ,247
542,뜨ᇢ,307
543,뜨ᇰ,24
544,뜨ᇹ,1
545,띄ᇹ,4
546,띠ᇙ,11
547,띠ᇰ,38
548,띠ᇹ,12
549,ᄄᅿ,4
550,ᄄᆂᇢ,1
551,ᄄᆏᆫ,5
552,ᄄᆑᆫ,171
553,ᄄᆔᆫ,1
554,ᄄᆔᆼ,2
555,ᄄᆛᆫ,1
556,ᄄᆜᆼ,3
557,ᄄᆞ,233
558,ᄄᆞᆫ,1
559,ᄄᆞᆯ,86
560,ᄄᆞᆷ,6
561,ᄄᆞᆺ,3
562,ᄄᆞᆼ,1
563,ᄄᆡ,108
564,ᄄᆡᆨ,133
565,ᄄᆡᆺ,3
566,ᄄᆡᆼ,176
567,ᄄᆣᆼ,1
568,ᄄힲᆫ,1
569,ᄄퟄ,1
570,ᄄퟄᆼ,4
571,ᄄퟅᆨ,1
572,ᄄퟅᆫ,1
573,ᄅᅠ,260
574,ᄅᅠᆫ,2
575,ᄅᅠᆯ,2
576,ᄅᅠᆺ,1
577,라ᇇ,1
578,라ᇙ,11
579,라ᇢ,117
580,라ᇦ,60
581,라ᇫ,5
582,라ᇰ,585
583,라ᇹ,53
584,래ᇰ,3
585,랴ᇢ,266
586,랴ᇦ,11
587,랴ᇫ,29
588,랴ᇰ,1894
589,러ᇙ,2
590,러ᇢ,1
591,러ᇰ,21
592,려ᇇ,6
593,려ᇙ,22
594,려ᇢ,218
595,려ᇫ,3
596,려ᇰ,610
597,려ᇹ,7
598,로ᇇ,1
599,로ᇙ,132
600,로ᇝ,3
601,로ᇢ,308
602,로ᇫ,1
603,로ᇰ,113
604,로ퟛ,1
605,료ᇙ,10
606,료ᇝ,1
607,료ᇢ,178
608,료ᇫ,4
609,료ᇰ,477
610,루ᇙ,7
611,루ᇝ,35
612,루ᇢ,530
613,루ᇫ,1
614,루ᇰ,4
615,루ᇹ,67
616,뤼ᇰ,1
617,류ᇙ,137
618,류ᇢ,498
619,류ᇰ,18
620,류ᇹ,3
621,르ᇙ,15
622,르ᇝ,38
623,르ᇢ,66
624,르ᇫ,12
625,르ᇰ,139
626,릐ᇰ,1
627,릐ᇹ,8
628,리ᇙ,9
629,리ᇝ,3
630,리ᇢ,62
631,리ᇰ,50
632,리ᇹ,55
633,ᄅᅶ,204
634,ᄅᅸ,571
635,ᄅᅹ,1
636,ᄅᅺ,2
637,ᄅᅺᆯ,1
638,ᄅᅻ,3
639,ᄅᅻᆯ,1
640,ᄅᆂ,9
641,ᄅᆂᆯ,3
642,ᄅᆇ,1
643,ᄅᆈ,21
644,ᄅᆍ,1
645,ᄅᆍᆯ,4
646,ᄅᆏᆶ,2
647,ᄅᆏᆼ,1
648,ᄅᆑ,1
649,ᄅᆑᆫ,3
650,ᄅᆑᆶ,1
651,ᄅᆑᆼ,1
652,ᄅᆑᇙ,48
653,ᄅᆓᇢ,1
654,ᄅᆔ,192
655,ᄅᆔᆫ,2
656,ᄅᆔᆯ,1
657,ᄅᆔᆺ,1
658,ᄅᆔᆼ,354
659,ᄅᆔᇰ,3
660,ᄅᆕ,49
661,ᄅᆕᇢ,1
662,ᄅᆖ,2
663,ᄅᆖᆯ,1
664,ᄅᆚ,74
665,ᄅᆚᆯ,1
666,ᄅᆚᆼ,1
667,ᄅᆛ,117
668,ᄅᆜᆫ,1
669,ᄅᆜᆼ,1
670,ᄅᆝᆼ,1
671,ᄅᆞ,61703
672,ᄅᆞᆨ,12
673,ᄅᆞᆫ,8021
674,ᄅᆞᆮ,14
675,ᄅᆞᆯ,181054
676,ᄅᆞᆲ,1
677,ᄅᆞᆳ,76
678,ᄅᆞᆷ,35855
679,ᄅᆞᆸ,466
680,ᄅᆞᆹ,2
681,ᄅᆞᆺ,2403
682,ᄅᆞᆻ,3
683,ᄅᆞᆼ,14
684,ᄅᆞᇗ,1
685,ᄅᆞᇙ,15
686,ᄅᆞᇜ,2
687,ᄅᆞᇝ,128
688,ᄅᆞᇫ,17
689,ᄅᆞᇰ,3
690,ᄅᆞퟝ,1
691,ᄅᆟ,1
692,ᄅᆟᆫ,6
693,ᄅᆟᆯ,2
694,ᄅᆡ,16160
695,ᄅᆡᆨ,16
696,ᄅᆡᆫ,283
697,ᄅᆡᆮ,1
698,ᄅᆡᆯ,76
699,ᄅᆡᆷ,5
700,ᄅᆡᆺ,116
701,ᄅᆡᆼ,3105
702,ᄅᆡᇰ,19
703,ᄅᆦ,1
704,ᄅힹ,3
705,ᄅퟂ,1
706,ᄅퟄ,4
707,ᄅퟅ,8
708,ᄅퟅᆷ,1
709,ᄅퟅᆺ,1
710,ᄅퟅᆼ,4
711,ᄅퟅᇰ,1
712,ᄆᅠ,57
713,ᄆᅠᆯ,1
714,ᄆᅠᆺ,2
715,마ᇇ,4
716,마ᇙ,415
717,마ᇢ,140
718,마ᇦ,14
719,마ᇫ,2
720,마ᇰ,1505
721,마ᇹ,1
722,마ᇿ,2
723,마ퟐ,1
724,마ퟪ,1
725,매ᇰ,3
726,먀ᇙ,1
727,먀ᇢ,11
728,먀ᇰ,4
729,머ᇙ,12
730,머ᇰ,29
731,머ᇹ,17
732,메ᇙ,1
733,메ᇰ,1
734,며ᇙ,1881
735,며ᇢ,5
736,며ᇫ,41
737,며ᇰ,3189
738,며ᇹ,3
739,며ퟛ,2
740,몌ᇙ,1
741,몌ᇰ,2
742,모ᇐ,1
743,모ᇙ,28
744,모ᇝ,34
745,모ᇢ,60
746,모ᇫ,2
747,모ᇰ,106
748,묘ᇢ,1735
749,무ᇇ,5
750,무ᇙ,552
751,무ᇝ,2
752,무ᇢ,331
753,무ᇰ,18
754,무ᇹ,141
755,뭐ᇹ,17
756,뮈ᇹ,2
757,뮤ᇢ,5
758,뮤ᇰ,2
759,므ᇗ,2
760,므ᇙ,6
761,므ᇢ,20
762,므ᇰ,33
763,므ᇹ,1
764,믜ᇙ,1
765,믜ᇰ,2
766,믜ᇹ,28
767,미ᇙ,334
768,미ᇫ,1
769,미ᇰ,38
770,미ᇹ,16
771,ᄆᅶ,195
772,ᄆᅸ,36
773,ᄆᅺ,1
774,ᄆᅺᆺ,2
775,ᄆᅻ,8
776,ᄆᅻᆫ,1
777,ᄆᅽ,1
778,ᄆᅿᆨ,1
779,ᄆᅿᆼ,1
780,ᄆᆂ,3
781,ᄆᆃ,1
782,ᄆᆇ,1
783,ᄆᆈ,420
784,ᄆᆍᆫ,1
785,ᄆᆑᆫ,2
786,ᄆᆔ,1
787,ᄆᆕ,11
788,ᄆᆕᆫ,1
789,ᄆᆕᆯ,2
790,ᄆᆖᆫ,1
791,ᄆᆚ,1
792,ᄆᆛ,3
793,ᄆᆛᇰ,1
794,ᄆᆜ,1
795,ᄆᆜᆫ,1
796,ᄆᆜᆼ,1
797,ᄆᆞ,19355
798,ᄆᆞᆨ,8
799,ᄆᆞᆫ,5779
800,ᄆᆞᆮ,79
801,ᄆᆞᆯ,14292
802,ᄆᆞᆰ,1193
803,ᄆᆞᆳ,18
804,ᄆᆞᆶ,1
805,ᄆᆞᆷ,13
806,ᄆᆞᆸ,1
807,ᄆᆞᆺ,2917
808,ᄆᆞᆻ,3
809,ᄆᆞᆼ,9
810,ᄆᆞᆽ,1
811,ᄆᆞᇀ,4
812,ᄆᆞᇃ,1
813,ᄆᆞᇙ,6
814,ᄆᆞᇰ,6
815,ᄆᆟ,3
816,ᄆᆡ,61315
817,ᄆᆡᆨ,2441
818,ᄆᆡᆫ,1453
819,ᄆᆡᆯ,43
820,ᄆᆡᆷ,8
821,ᄆᆡᆸ,49
822,ᄆᆡᆺ,567
823,ᄆᆡᆼ,6297
824,ᄆᆡᇙ,2
825,ᄆᆡᇰ,797
826,ᄆᆡᇹ,1
827,ᄆᆥ,1
828,ᄆힵᇹ,1
829,ᄆힹ,5
830,ᄆힺ,1
831,ᄆힼᆼ,2
832,ᄆퟄ,3
833,ᄆퟅ,6
834,ᄆퟅᆫ,2
835,ᄆퟅᆯ,3
836,ᄆퟅᆼ,4
837,ᄆퟅᇰ,1
838,ᄇᅠ,54
839,바ᇙ,1141
840,바ᇝ,40
841,바ᇢ,114
842,바ᇣ,1
843,바ᇦ,10
844,바ᇫ,14
845,바ᇰ,2291
846,바ᇱ,6
847,바ᇹ,42
848,바ᇿ,1
849,배ᇙ,1
850,배ᇰ,3
851,뱌ᇙ,1
852,뱌ᇢ,13
853,뱌ᇰ,3
854,버ᇇ,4
855,버ᇙ,765
856,버ᇢ,1
857,버ᇰ,43
858,버ퟛ,4
859,벼ᇙ,650
860,벼ᇢ,4
861,벼ᇫ,3
862,벼ᇰ,378
863,벼ᇱ,5
864,벼ᇹ,11
865,볘ᇰ,1
866,보ᇙ,93
867,보ᇝ,134
868,보ᇢ,1321
869,보ᇰ,307
870,보ퟪ,1
871,뵈ᇙ,2
872,뵤ᇝ,1
873,뵤ᇢ,341
874,부ᇇ,3
875,부ᇙ,1099
876,부ᇢ,92
877,부ᇰ,5
878,부ᇹ,426
879,부ᇿ,1
880,붜ᇹ,17
881,뷔ᇙ,1
882,뷔ᇹ,5
883,뷰ᇙ,3
884,뷰ᇢ,2
885,뷰ᇹ,1
886,브ᇃ,2
887,브ᇙ,14
888,브ᇝ,10
889,브ᇢ,14
890,브ᇫ,3
891,브ᇰ,19
892,브ᇹ,5
893,브ퟢ,1
894,븨ᇹ,77
895,비ᇇ,1
896,비ᇙ,90
897,비ᇦ,2
898,비ᇫ,4
899,비ᇰ,63
900,비ᇱ,1
901,비ᇹ,72
902,ᄇᅶ,350
903,ᄇᅶᆼ,1
904,ᄇᅸ,45
905,ᄇᅻᆫ,6
906,ᄇᅻᇹ,1
907,ᄇᅼᆫ,4
908,ᄇᅿ,1
909,ᄇᆂ,5
910,ᄇᆋ,1
911,ᄇᆍ,2
912,ᄇᆔ,16
913,ᄇᆕᆯ,1
914,ᄇᆕᆼ,1
915,ᄇᆖ,1
916,ᄇᆖᆫ,2
917,ᄇᆚ,1
918,ᄇᆛ,1
919,ᄇᆜᆼ,1
920,ᄇᆝ,1
921,ᄇᆝᆨ,1
922,ᄇᆞ,13317
923,ᄇᆞᆨ,10
924,ᄇᆞᆫ,158
925,ᄇᆞᆮ,18
926,ᄇᆞᆯ,3629
927,ᄇᆞᆰ,3839
928,ᄇᆞᆲ,277
929,ᄇᆞᆳ,11
930,ᄇᆞᆶ,1
931,ᄇᆞᆷ,2
932,ᄇᆞᆸ,3
933,ᄇᆞᆺ,94
934,ᄇᆞᆼ,12
935,ᄇᆞᇃ,3
936,ᄇᆞᇣ,3
937,ᄇᆞᇫ,28
938,ᄇᆞᇰ,1
939,ᄇᆟ,1
940,ᄇᆟᆨ,2
941,ᄇᆠᆼ,1
942,ᄇᆡ,34202
943,ᄇᆡᆨ,33317
944,ᄇᆡᆩ,4
945,ᄇᆡᆪ,1
946,ᄇᆡᆫ,137
947,ᄇᆡᆮ,2
948,ᄇᆡᆯ,29
949,ᄇᆡᆷ,1
950,ᄇᆡᆸ,1
951,ᄇᆡᆺ,245
952,ᄇᆡᆼ,36
953,ᄇᆡᇰ,1
954,ᄇᆡᇱ,1
955,ᄇᆣᆼ,2
956,ᄇힵ,9
957,ᄇힹ,3
958,ᄇힹᇹ,1
959,ᄇힺ,1
960,ᄇힺᆫ,1
961,ᄇힺᇹ,1
962,ᄇힼᆫ,1
963,ᄇힼᆼ,23
964,ᄇퟄ,4
965,ᄇퟄᆼ,1
966,ᄇퟅ,6
967,ᄇퟅᆨ,5
968,ᄇퟅᆯ,1
969,ᄇퟅᆺ,2
970,ᄇퟅᆼ,4
971,ᄈᅠ,5
972,ᄈᅠᆫ,1
973,ᄈᅠᆷ,3
974,빠ᇙ,71
975,빠ᇢ,33
976,빠ᇦ,10
977,빠ᇰ,29
978,빠ᇹ,9
979,뺘ᇢ,11
980,뺘ᇦ,1
981,뺘ᇰ,1
982,뻐ᇙ,21
983,뻐ᇰ,22
984,뻐ᇹ,1
985,뼈ᇙ,185
986,뼈ᇢ,2
987,뼈ᇰ,977
988,뼈ᇹ,26
989,뽀ᇙ,26
990,뽀ᇢ,12
991,뽀ᇰ,59
992,뿌ᇙ,3329
993,뿌ᇢ,200
994,뿌ᇰ,1
995,뿌ᇹ,27
996,뿨ᇹ,5
997,쀠ᇹ,1
998,쀼ᇙ,3
999,쀼ᇢ,1
1000,쁘ᇙ,47
1001,쁘ᇢ,1
1002,쁘ᇰ,5
1003,쁴ᇹ,107
1004,삐ᇙ,6
1005,삐ᇢ,2
1006,삐ᇦ,1
1007,삐ᇰ,12
1008,삐ᇹ,4
1009,ᄈᅻ,2
1010,ᄈᅽᆼ,1
1011,ᄈᆜᇹ,1
1012,ᄈᆞ,22
1013,ᄈᆞᆯ,44
1014,ᄈᆞᆷ,1
1015,ᄈᆞᆼ,2
1016,ᄈᆞᇙ,7
1017,ᄈᆟᆼ,1
1018,ᄈᆡ,25
1019,ᄈᆡᆨ,231
1020,ᄈᆡᆼ,171
1021,ᄈᆡᇰ,3
1022,ᄈힺᆫ,1
1023,ᄈힺᇹ,2
1024,ᄉᅠ,7142
1025,ᄉᅠᆯ,1
1026,ᄉᅠᆸ,1
1027,사ᇇ,1
1028,사ᇙ,2379
1029,사ᇝ,4
1030,사ᇢ,52
1031,사ᇦ,9
1032,사ᇫ,2
1033,사ᇰ,215
1034,사ᇱ,1
1035,사ᇹ,59
1036,사ᇿ,1
1037,사ퟠ,1
1038,사ퟪ,1
1039,새ᇰ,33
1040,샤ᇙ,11
1041,샤ᇝ,1
1042,샤ᇢ,109
1043,샤ᇦ,1
1044,샤ᇫ,63
1045,샤ᇰ,4986
1046,샤ᇱ,2
1047,샤ᇹ,1
1048,서ᇙ,1
1049,서ᇫ,1
1050,서ᇰ,85
1051,서ᇹ,1
1052,세ᇙ,1
1053,세ᇰ,1
1054,셔ᇙ,21
1055,셔ᇝ,1
1056,셔ᇢ,93
1057,셔ᇣ,1
1058,셔ᇦ,1
1059,셔ᇫ,32
1060,셔ᇰ,4924
1061,셔ᇱ,1
1062,셔ᇹ,12
1063,셰ᇰ,11
1064,소ᇇ,205
1065,소ᇙ,41
1066,소ᇢ,22
1067,소ᇰ,33
1068,솨ᇰ,15
1069,솨ᇹ,13
1070,쇄ᇹ,2
1071,쇼ᇙ,31
1072,쇼ᇢ,674
1073,쇼ᇰ,58
1074,쇼ᇱ,4
1075,쇼ퟝ,1
1076,수ᇙ,23
1077,수ᇝ,2
1078,수ᇢ,17
1079,수ᇫ,1
1080,수ᇰ,15
1081,수ᇹ,23
1082,숴ᇙ,1
1083,슈ᇙ,32
1084,슈ᇢ,859
1085,슈ᇰ,16
1086,슈ᇹ,26
1087,스ᇇ,1
1088,스ᇙ,18
1089,스ᇝ,1
1090,스ᇢ,23
1091,스ᇫ,255
1092,스ᇰ,647
1093,스ᇱ,2
1094,스ᇹ,8
1095,싀ᇹ,22
1096,시ᇇ,12
1097,시ᇎ,1
1098,시ᇙ,347
1099,시ᇢ,163
1100,시ᇦ,1
1101,시ᇫ,67
1102,시ᇰ,464
1103,시ᇹ,82
1104,시ᇿ,1
1105,시ퟛ,1
1106,시ퟥ,1
1107,ᄉᅶ,71
1108,ᄉᅸ,284
1109,ᄉᅺ,3
1110,ᄉᅻ,2
1111,ᄉᅼ,1
1112,ᄉᅿ,1
1113,ᄉᆀ,3
1114,ᄉᆃ,1
1115,ᄉᆆᆼ,1
1116,ᄉᆇ,4
1117,ᄉᆇᆯ,1
1118,ᄉᆈ,747
1119,ᄉᆈᆫ,1
1120,ᄉᆈᆯ,1
1121,ᄉᆈᆺ,9
1122,ᄉᆉᆷ,1
1123,ᄉᆉᆼ,1
1124,ᄉᆍ,1
1125,ᄉᆎᆼ,2
1126,ᄉᆏ,18
1127,ᄉᆏᆫ,2
1128,ᄉᆏᆶ,1
1129,ᄉᆏᇙ,10
1130,ᄉᆐᆼ,9
1131,ᄉᆑ,203
1132,ᄉᆑᆫ,56
1133,ᄉᆑᆯ,7
1134,ᄉᆑᆶ,3
1135,ᄉᆑᆸ,1
1136,ᄉᆑᆼ,1
1137,ᄉᆑᇙ,685
1138,ᄉᆑᇹ,97
1139,ᄉᆒ,4
1140,ᄉᆒᆼ,115
1141,ᄉᆒᇙ,2
1142,ᄉᆒᇰ,1
1143,ᄉᆓ,1
1144,ᄉᆓᆯ,1
1145,ᄉᆔ,6714
1146,ᄉᆔᆫ,48
1147,ᄉᆔᆯ,30
1148,ᄉᆔᆷ,1
1149,ᄉᆔᆸ,105
1150,ᄉᆔᆼ,337
1151,ᄉᆔᇰ,1
1152,ᄉᆕ,35
1153,ᄉᆖᆯ,1
1154,ᄉᆘ,3
1155,ᄉᆚ,33
1156,ᄉᆚᆯ,1
1157,ᄉᆛ,306
1158,ᄉᆜᆼ,5
1159,ᄉᆝ,1
1160,ᄉᆝᇰ,1
1161,ᄉᆞ,176550
1162,ᄉᆞᆨ,61
1163,ᄉᆞᆫ,6618
1164,ᄉᆞᆮ,19
1165,ᄉᆞᆯ,17230
1166,ᄉᆞᆰ,84
1167,ᄉᆞᆱ,10
1168,ᄉᆞᆲ,379
1169,ᄉᆞᆳ,7
1170,ᄉᆞᆷ,14353
1171,ᄉᆞᆸ,3021
1172,ᄉᆞᆺ,1729
1173,ᄉᆞᆻ,3
1174,ᄉᆞᆼ,3738
1175,ᄉᆞᇁ,1
1176,ᄉᆞᇙ,1
1177,ᄉᆞᇝ,54
1178,ᄉᆞᇣ,1
1179,ᄉᆞᇫ,12
1180,ᄉᆞᇰ,89
1181,ᄉᆞퟐ,1
1182,ᄉᆟ,3
1183,ᄉᆟᆨ,2
1184,ᄉᆟᆼ,2
1185,ᄉᆡ,42473
1186,ᄉᆡᆨ,16471
1187,ᄉᆡᆩ,6
1188,ᄉᆡᆫ,144
1189,ᄉᆡᆮ,2
1190,ᄉᆡᆯ,51
1191,ᄉᆡᆰ,1
1192,ᄉᆡᆷ,130
1193,ᄉᆡᆸ,5
1194,ᄉᆡᆺ,10
1195,ᄉᆡᆼ,46590
1196,ᄉᆡᇝ,5
1197,ᄉᆡᇫ,50
1198,ᄉᆡᇰ,4952
1199,ᄉᆡᇱ,3
1200,ᄉᆡᇹ,1
1201,ᄉᆢ,1
1202,ᄉᆣᆯ,1
1203,ᄉᆣᆷ,1
1204,ᄉᆥᆼ,1
1205,ᄉᆧ,1
1206,ᄉힰ,1
1207,ᄉힳ,4
1208,ᄉힴ,1
1209,ᄉힵ,1
1210,ᄉힵᆫ,1
1211,ᄉힵᇙ,6
1212,ᄉힷ,1
1213,ᄉힷᆼ,1
1214,ᄉힸᆯ,1
1215,ᄉힹ,1
1216,ᄉힹᆫ,1
1217,ᄉힹᆯ,1
1218,ᄉퟄ,8
1219,ᄉퟄᆨ,1
1220,ᄉퟅ,14
1221,ᄉퟅᆼ,1
1222,ᄉퟅᇰ,7
1223,ᄉퟆ,3
1224,ᄉퟆᆯ,1
1225,ᄊᅠ,16
1226,ᄊᅠᆨ,1
1227,ᄊᅠᆯ,1
1228,싸ᇙ,9
1229,싸ᇢ,3
1230,싸ᇦ,1
1231,싸ᇫ,1
1232,싸ᇰ,88
1233,싸ᇹ,1
1234,쌰ᇢ,3
1235,쌰ᇦ,2
1236,쌰ᇰ,2255
1237,썌ᇰ,1
1238,써ᇙ,3
1239,써ᇰ,9
1240,쎠ᇙ,118
1241,쎠ᇰ,801
1242,쎠ᇹ,8
1243,쏘ᇢ,1
1244,쏘ᇰ,4
1245,쑈ᇢ,4
1246,쑈ᇰ,294
1247,쑤ᇙ,2
1248,쑤ᇢ,13
1249,쑤ᇰ,1
1250,쑤ᇹ,28
1251,쒸ᇙ,1
1252,쒸ᇰ,2
1253,쓔ᇙ,73
1254,쓔ᇢ,1448
1255,쓔ᇰ,21
1256,쓔ᇹ,18
1257,쓔ퟝ,1
1258,쓰ᇙ,2
1259,쓰ᇢ,6
1260,쓰ᇫ,76
1261,씨ᇙ,1966
1262,씨ᇢ,39
1263,씨ᇫ,272
1264,씨ᇰ,1212
1265,씨ᇹ,198
1266,씨ퟛ,5
1267,ᄊᅸ,82
1268,ᄊᆉ,1
1269,ᄊᆏᆫ,1
1270,ᄊᆑᆫ,63
1271,ᄊᆑᆼ,2
1272,ᄊᆑᇙ,1
1273,ᄊᆔ,2
1274,ᄊᆔᆫ,1
1275,ᄊᆔᆼ,339
1276,ᄊᆔᇰ,1
1277,ᄊᆚᆼ,1
1278,ᄊᆜ,1
1279,ᄊᆜᆼ,11
1280,ᄊᆜᇰ,1
1281,ᄊᆞ,865
1282,ᄊᆞᆫ,34
1283,ᄊᆞᆯ,189
1284,ᄊᆞᆷ,92
1285,ᄊᆞᆸ,11
1286,ᄊᆞᆺ,5
1287,ᄊᆞᆼ,737
1288,ᄊᆞᇙ,1
1289,ᄊᆞᇝ,2
1290,ᄊᆞᇰ,13
1291,ᄊᆟ,1
1292,ᄊᆡ,3746
1293,ᄊᆡᆯ,1
1294,ᄊᆡᆷ,1
1295,ᄊᆡᆼ,9
1296,ᄊᆡᇙ,2
1297,ᄊᆡᇰ,1
1298,ᄊᆡᇹ,3
1299,ᄊᆢ,1
1300,ᄊᆦ,3
1301,ᄊힵᆫ,1
1302,ᄊퟄ,1
1303,ᄊퟅ,4
1304,ᄋᅠ,142
1305,ᄋᅠᆫ,2
1306,아ᇆ,1
1307,아ᇇ,87
1308,아ᇓ,2
1309,아ᇙ,10
1310,아ᇢ,7
1311,아ᇣ,76
1312,아ᇫ,12
1313,아ᇰ,146
1314,아ᇱ,4
1315,아ᇿ,1
1316,아ퟣ,1
1317,애ᇫ,1
1318,야ᇝ,3
1319,야ᇢ,32
1320,야ᇣ,1
1321,야ᇦ,26
1322,야ᇰ,1653
1323,야ᇹ,2
1324,어ᇇ,1
1325,어ᇙ,5
1326,어ᇝ,1
1327,어ᇢ,3
1328,어ᇰ,2
1329,어ᇺ,3
1330,어ퟦ,2
1331,에ᇰ,6
1332,여ᇇ,10
1333,여ᇙ,4
1334,여ᇢ,11
1335,여ᇣ,1
1336,여ᇫ,13
1337,여ᇰ,160
1338,여ᇹ,11
1339,오ᇐ,2
1340,오ᇙ,70
1341,오ᇛ,1
1342,오ᇝ,3
1343,오ᇢ,4
1344,오ᇫ,1
1345,오ᇰ,28
1346,와ᇰ,186
1347,외ᇙ,17
1348,외ᇰ,4
1349,요ᇙ,31
1350,요ᇢ,50
1351,요ᇰ,785
1352,요ퟛ,1
1353,우ᇇ,1
1354,우ᇐ,2
1355,우ᇙ,23
1356,우ᇝ,4
1357,우ᇢ,66
1358,우ᇫ,5
1359,우ᇰ,13
1360,우ᇹ,5
1361,워ᇙ,22
1362,워ᇰ,2
1363,워ᇿ,1
1364,위ᇙ,2
1365,위ᇰ,1
1366,유ᇙ,2
1367,유ᇢ,316
1368,유ᇰ,19
1369,유ᇹ,42
1370,으ᇃ,1
1371,으ᇇ,3
1372,으ᇍ,1
1373,으ᇐ,1
1374,으ᇢ,10
1375,으ᇣ,1
1376,으ᇫ,1
1377,으ᇰ,60
1378,으ퟝ,4
1379,의ᇙ,2
1380,의ᇰ,3
1381,의ᇹ,1
1382,이ᇇ,1
1383,이ᇎ,1
1384,이ᇙ,84
1385,이ᇢ,339
1386,이ᇦ,1
1387,이ᇰ,49
1388,이ᇹ,56
1389,이ퟝ,2
1390,이ퟦ,1
1391,ᄋᅶ,165
1392,ᄋᅸ,282
1393,ᄋᅺ,5
1394,ᄋᅻ,3
1395,ᄋᅻᆨ,1
1396,ᄋᅻᆫ,3
1397,ᄋᅻᆯ,8
1398,ᄋᅼᆫ,1
1399,ᄋᅼᆯ,1
1400,ᄋᅽ,2
1401,ᄋᅾ,4
1402,ᄋᅿ,9
1403,ᄋᅿᆫ,6
1404,ᄋᅿᆯ,2
1405,ᄋᆀ,2
1406,ᄋᆀᆺ,1
1407,ᄋᆂ,2
1408,ᄋᆃᆯ,2
1409,ᄋᆇ,4
1410,ᄋᆇᆯ,1
1411,ᄋᆈ,188
1412,ᄋᆈᆯ,1
1413,ᄋᆉ,7
1414,ᄋᆉᆫ,2
1415,ᄋᆌ,1
1416,ᄋᆎᆫ,3
1417,ᄋᆎᆷ,1
1418,ᄋᆏ,6
1419,ᄋᆏᆫ,59
1420,ᄋᆏᆼ,1
1421,ᄋᆐ,2
1422,ᄋᆑ,300
1423,ᄋᆑᆨ,1
1424,ᄋᆑᆫ,1705
1425,ᄋᆑᆶ,1
1426,ᄋᆑᆼ,6
1427,ᄋᆑᇙ,22
1428,ᄋᆑᇰ,13
1429,ᄋᆑᇹ,10
1430,ᄋᆒ,1
1431,ᄋᆒᆼ,4
1432,ᄋᆔ,783
1433,ᄋᆔᆫ,4
1434,ᄋᆔᆼ,134
1435,ᄋᆔᇰ,1
1436,ᄋᆕ,24
1437,ᄋᆖ,2
1438,ᄋᆖᆫ,1
1439,ᄋᆖᆯ,5
1440,ᄋᆖᆷ,1
1441,ᄋᆘ,1
1442,ᄋᆚ,1
1443,ᄋᆛ,584
1444,ᄋᆛᇹ,1
1445,ᄋᆜ,45
1446,ᄋᆜᆫ,1
1447,ᄋᆜᆯ,1
1448,ᄋᆜᆼ,3
1449,ᄋᆝ,2
1450,ᄋᆞ,29721
1451,ᄋᆞᆨ,11
1452,ᄋᆞᆫ,6579
1453,ᄋᆞᆮ,11
1454,ᄋᆞᆯ,9561
1455,ᄋᆞᆰ,1
1456,ᄋᆞᆲ,10
1457,ᄋᆞᆳ,157
1458,ᄋᆞᆷ,9208
1459,ᄋᆞᆸ,3492
1460,ᄋᆞᆹ,1
1461,ᄋᆞᆺ,16
1462,ᄋᆞᆼ,1
1463,ᄋᆞᆽ,1
1464,ᄋᆞᇎ,1
1465,ᄋᆞᇙ,9
1466,ᄋᆞᇝ,4
1467,ᄋᆞᇫ,1
1468,ᄋᆟ,1
1469,ᄋᆟᆨ,1
1470,ᄋᆟᆺ,1
1471,ᄋᆡ,21814
1472,ᄋᆡᆨ,2727
1473,ᄋᆡᆫ,58
1474,ᄋᆡᆯ,22
1475,ᄋᆡᆷ,17
1476,ᄋᆡᆸ,2
1477,ᄋᆡᆺ,79
1478,ᄋᆡᆼ,1704
1479,ᄋᆡᇰ,28
1480,ᄋᆥ,1
1481,ᄋᆥᆫ,1
1482,ᄋᆦ,4
1483,ᄋᆦᆫ,3
1484,ᄋᆦᆯ,2
1485,ᄋᆧ,2
1486,ᄋힰᆯ,1
1487,ᄋힲ,5
1488,ᄋힵ,2
1489,ᄋힵᆫ,15
1490,ᄋힵᆯ,1
1491,ᄋힵᆼ,1
1492,ᄋힵᇰ,1
1493,ᄋힵᇹ,1
1494,ᄋힶ,2
1495,ᄋힷ,1
1496,ᄋힹ,27
1497,ᄋힹᆫ,3
1498,ᄋힹᆯ,30
1499,ᄋힹᆺ,1
1500,ᄋힹᆼ,27
1501,ᄋힺ,3
1502,ᄋힺᆫ,7
1503,ᄋힺᆯ,1
1504,ᄋힼᆨ,1
1505,ᄋퟄ,127
1506,ᄋퟄᆺ,3
1507,ᄋퟅ,10
1508,ᄋퟅᆨ,1
1509,ᄋퟅᆯ,7
1510,ᄋퟅᆺ,1
1511,ᄋퟅᆼ,3
1512,ᄋퟆ,1
1513,ᄌᅠ,90
1514,자ᇇ,9
1515,자ᇙ,3
1516,자ᇝ,391
1517,자ᇢ,86
1518,자ᇦ,18
1519,자ᇫ,45
1520,자ᇰ,1167
1521,자ᇱ,1
1522,자ᇹ,47
1523,자ퟦ,1
1524,재ᇰ,1
1525,재ᇹ,1
1526,쟈ᇢ,40
1527,쟈ᇦ,7
1528,쟈ᇫ,11
1529,쟈ᇰ,899
1530,쟈ᇱ,3
1531,저ᇙ,7
1532,저ᇢ,1
1533,저ᇰ,56
1534,저ᇹ,4
1535,져ᇇ,13
1536,져ᇙ,627
1537,져ᇢ,19
1538,져ᇦ,1
1539,져ᇫ,13
1540,져ᇰ,3034
1541,져ᇹ,44
1542,져ퟛ,1
1543,졔ᇰ,2
1544,조ᇙ,14
1545,조ᇢ,20
1546,조ᇫ,3
1547,조ᇰ,619
1548,좌ᇢ,3
1549,좌ᇦ,15
1550,좌ᇰ,4
1551,죠ᇙ,2
1552,죠ᇢ,197
1553,죠ᇫ,18
1554,죠ᇰ,1861
1555,죠ᇱ,7
1556,죠ᇹ,1
1557,주ᇇ,2
1558,주ᇙ,4
1559,주ᇢ,10
1560,주ᇫ,4
1561,주ᇰ,18
1562,주ᇹ,15
1563,주ퟐ,1
1564,쥬ᇢ,541
1565,쥬ᇫ,68
1566,쥬ᇰ,3807
1567,쥬ᇹ,35
1568,쥬ᇿ,1
1569,쥬ퟝ,1
1570,즈ᇙ,5
1571,즈ᇢ,81
1572,즈ᇫ,1210
1573,즈ᇰ,225
1574,즈ᇹ,1
1575,즤ᇰ,2
1576,즤ᇹ,96
1577,지ᇐ,1
1578,지ᇙ,49
1579,지ᇝ,3
1580,지ᇢ,131
1581,지ᇫ,325
1582,지ᇰ,900
1583,지ᇹ,46
1584,ᄌᅶ,152
1585,ᄌᅸ,264
1586,ᄌᅻᆫ,2
1587,ᄌᅾ,2
1588,ᄌᆄᆫ,4
1589,ᄌᆇ,8
1590,ᄌᆇᆯ,1
1591,ᄌᆈ,241
1592,ᄌᆍᆯ,1
1593,ᄌᆎ,2
1594,ᄌᆏ,7
1595,ᄌᆏᆫ,3
1596,ᄌᆏᆯ,2
1597,ᄌᆐ,1
1598,ᄌᆑ,18
1599,ᄌᆑᆫ,81
1600,ᄌᆑᇙ,5
1601,ᄌᆑᇹ,3
1602,ᄌᆔ,8124
1603,ᄌᆔᆫ,33
1604,ᄌᆔᆯ,8
1605,ᄌᆔᆼ,30
1606,ᄌᆔᇰ,1
1607,ᄌᆕ,157
1608,ᄌᆖ,1
1609,ᄌᆖᆨ,1
1610,ᄌᆖᆽ,2
1611,ᄌᆘ,1
1612,ᄌᆚ,2
1613,ᄌᆚᆼ,1
1614,ᄌᆛ,311
1615,ᄌᆜᇹ,1
1616,ᄌᆞ,130235
1617,ᄌᆞᆨ,10704
1618,ᄌᆞᆩ,15
1619,ᄌᆞᆫ,1182
1620,ᄌᆞᆮ,4
1621,ᄌᆞᆯ,2464
1622,ᄌᆞᆲ,1
1623,ᄌᆞᆷ,2730
1624,ᄌᆞᆸ,2693
1625,ᄌᆞᆺ,1798
1626,ᄌᆞᆻ,1
1627,ᄌᆞᆼ,2208
1628,ᄌᆞᆽ,5
1629,ᄌᆞᇙ,4
1630,ᄌᆞᇰ,32
1631,ᄌᆟ,1
1632,ᄌᆟᆫ,1
1633,ᄌᆟᇙ,2
1634,ᄌᆡ,49775
1635,ᄌᆡᆨ,84
1636,ᄌᆡᆫ,334
1637,ᄌᆡᆯ,30
1638,ᄌᆡᆷ,3
1639,ᄌᆡᆸ,3
1640,ᄌᆡᆺ,26
1641,ᄌᆡᆼ,1231
1642,ᄌᆡᆽ,1
1643,ᄌᆡᇫ,2
1644,ᄌᆡᇰ,46
1645,ᄌᆢ,1
1646,ᄌᆢᆨ,1
1647,ᄌᆣᆼ,12
1648,ᄌᆦ,3
1649,ᄌힲ,12
1650,ᄌힲᆫ,1
1651,ᄌힵᆫ,1
1652,ᄌힹ,1
1653,ᄌힹᇰ,1
1654,ᄌힺ,2
1655,ᄌퟄ,9
1656,ᄌퟄᆨ,1
1657,ᄌퟅ,7
1658,ᄌퟅᆨ,1
1659,ᄌퟅᆼ,1
1660,ᄌퟆ,1
1661,ᄌퟆᆺ,1
1662,ᄍᅠ,6
1663,짜ᇙ,1
1664,짜ᇢ,37
1665,짜ᇦ,12
1666,짜ᇫ,1
1667,짜ᇰ,782
1668,짜ᇹ,36
1669,쨔ᇢ,49
1670,쨔ᇦ,70
1671,쨔ᇰ,25
1672,쨔ᇹ,1
1673,쩌ᇙ,1
1674,쩌ᇰ,23
1675,쩌ᇹ,2
1676,쪄ᇙ,4
1677,쪄ᇢ,8
1678,쪄ᇰ,1927
1679,쪄ᇹ,2
1680,쪼ᇢ,47
1681,쪼ᇰ,27
1682,쫘ᇦ,3
1683,쫘ᇰ,2
1684,쫘ᇹ,1
1685,쬬ᇢ,2
1686,쬬ᇰ,106
1687,쬬ᇹ,1
1688,쭈ᇢ,1
1689,쭈ᇹ,14
1690,쮜ᇹ,1
1691,쮸ᇢ,42
1692,쮸ᇰ,4
1693,쮸ᇹ,1
1694,쯔ᇢ,2
1695,쯔ᇫ,84
1696,쯔ᇰ,56
1697,쯰ᇹ,18
1698,찌ᇐ,1
1699,찌ᇙ,31
1700,찌ᇢ,86
1701,찌ᇦ,1
1702,찌ᇫ,49
1703,찌ᇰ,21
1704,찌ᇹ,44
1705,ᄍᅿ,1
1706,ᄍᆏᆫ,3
1707,ᄍᆏᇙ,1
1708,ᄍᆑᆫ,111
1709,ᄍᆑᇙ,15
1710,ᄍᆑᇹ,6
1711,ᄍᆜᆼ,2
1712,ᄍᆜᇫ,1
1713,ᄍᆞ,91
1714,ᄍᆞᆯ,1
1715,ᄍᆞᆷ,2
1716,ᄍᆞᆸ,17
1717,ᄍᆞᆼ,1678
1718,ᄍᆞᇰ,47
1719,ᄍᆡ,28
1720,ᄍᆡᆸ,1
1721,ᄍᆡᆼ,571
1722,ᄍᆡᇰ,4
1723,ᄍᆡᇹ,1
1724,ᄍᆣᆼ,1
1725,ᄍᆦᆼ,2
1726,ᄍힹᆼ,2
1727,ᄍퟃ,1
1728,ᄍퟅᆼ,1
1729,ᄍퟅᇰ,2
1730,ᄎᅠ,13
1731,차ᇙ,192
1732,차ᇝ,1
1733,차ᇢ,153
1734,차ᇦ,11
1735,차ᇰ,135
1736,차ᇹ,22
1737,챠ᇢ,10
1738,챠ᇦ,16
1739,챠ᇰ,58
1740,처ᇫ,1
1741,처ᇰ,33
1742,쳐ᇙ,20
1743,쳐ᇢ,2
1744,쳐ᇫ,6
1745,쳐ᇰ,1347
1746,쳐ᇹ,8
1747,쳐ퟍ,1
1748,쳬ᇰ,16
1749,초ᇙ,4
1750,초ᇢ,170
1751,초ᇰ,62
1752,촤ᇙ,1
1753,촤ᇦ,1
1754,촤ᇰ,22
1755,쵸ᇢ,24
1756,쵸ᇫ,1
1757,쵸ᇰ,10
1758,추ᇙ,17
1759,추ᇝ,3
1760,추ᇢ,5
1761,추ᇫ,3
1762,추ᇰ,2
1763,추ᇹ,6
1764,춰ᇹ,3
1765,취ᇙ,2
1766,츄ᇙ,289
1767,츄ᇢ,46
1768,츄ᇫ,1
1769,츄ᇰ,45
1770,츄ᇹ,60
1771,츠ᇙ,7
1772,츠ᇢ,12
1773,츠ᇫ,66
1774,츠ᇰ,10
1775,츼ᇹ,4
1776,치ᇙ,592
1777,치ᇢ,47
1778,치ᇫ,17
1779,치ᇰ,60
1780,치ᇹ,92
1781,치ퟛ,5
1782,ᄎᅶ,254
1783,ᄎᅸ,151
1784,ᄎᅽ,1
1785,ᄎᅿ,1
1786,ᄎᆄᆫ,52
1787,ᄎᆇ,6
1788,ᄎᆈ,133
1789,ᄎᆈᆯ,1
1790,ᄎᆌ,1
1791,ᄎᆎ,4
1792,ᄎᆏ,9
1793,ᄎᆏᆫ,12
1794,ᄎᆏᆷ,2
1795,ᄎᆐ,194
1796,ᄎᆑ,8
1797,ᄎᆑᆫ,289
1798,ᄎᆑᆼ,1
1799,ᄎᆑᇹ,1
1800,ᄎᆒ,23
1801,ᄎᆒᆼ,3
1802,ᄎᆔ,14356
1803,ᄎᆔᆫ,7
1804,ᄎᆔᆼ,104
1805,ᄎᆔᇰ,2
1806,ᄎᆕ,18
1807,ᄎᆖ,1
1808,ᄎᆚ,2
1809,ᄎᆛ,133
1810,ᄎᆜᆼ,1
1811,ᄎᆞ,45146
1812,ᄎᆞᆨ,46
1813,ᄎᆞᆫ,1542
1814,ᄎᆞᆮ,10
1815,ᄎᆞᆯ,6511
1816,ᄎᆞᆰ,1
1817,ᄎᆞᆱ,1
1818,ᄎᆞᆳ,1
1819,ᄎᆞᆷ,8058
1820,ᄎᆞᆸ,17
1821,ᄎᆞᆺ,3818
1822,ᄎᆞᆼ,324
1823,ᄎᆞᆽ,6
1824,ᄎᆞᇙ,7
1825,ᄎᆞᇝ,2
1826,ᄎᆞᇢ,1
1827,ᄎᆞᇫ,8
1828,ᄎᆞᇰ,7
1829,ᄎᆟ,2
1830,ᄎᆟᆼ,1
1831,ᄎᆡ,11441
1832,ᄎᆡᆨ,7912
1833,ᄎᆡᆫ,24
1834,ᄎᆡᆯ,19
1835,ᄎᆡᆷ,3
1836,ᄎᆡᆸ,2
1837,ᄎᆡᆺ,26
1838,ᄎᆡᆼ,89
1839,ᄎᆣ,2
1840,ᄎᆣᇰ,1
1841,ᄎᆤ,1
1842,ᄎᆦ,2
1843,ᄎힲ,1
1844,ᄎힵᆫ,5
1845,ᄎힶ,1
1846,ᄎힷ,11
1847,ᄎퟄ,3
1848,ᄎퟄᆼ,1
1849,ᄎퟅ,2
1850,ᄎퟅᇰ,1
1851,ᄎퟅᇹ,1
1852,ᄏᅠ,13
1853,카ᇙ,35
1854,카ᇢ,25
1855,카ᇰ,12
1856,캬ᇢ,19
1857,캬ᇦ,16
1858,캬ᇰ,1
1859,캬ᇹ,6
1860,커ᇰ,2
1861,커ᇹ,6
1862,켜ᇙ,4
1863,켜ᇰ,183
1864,켜ᇹ,5
1865,코ᇙ,58
1866,코ᇢ,18
1867,코ᇰ,2345
1868,코ᇱ,1
1869,콰ᇙ,1
1870,콰ᇰ,11
1871,쿄ᇢ,54
1872,쿠ᇙ,10
1873,쿠ᇢ,623
1874,쿠ᇹ,11
1875,쿼ᇙ,34
1876,쿼ᇹ,1
1877,퀴ᇙ,1
1878,퀴ᇹ,1
1879,큐ᇢ,1
1880,큐ᇹ,22
1881,크ᇙ,27
1882,크ᇢ,103
1883,크ᇰ,11
1884,킈ᇰ,1
1885,킈ᇹ,37
1886,키ᇙ,62
1887,키ᇢ,4
1888,키ᇰ,2
1889,키ᇹ,56
1890,ᄏᅶ,52
1891,ᄏᅸ,52
1892,ᄏᅺ,18
1893,ᄏᅻ,2
1894,ᄏᅼᆼ,1
1895,ᄏᆍ,1
1896,ᄏᆍᆯ,1
1897,ᄏᆑ,23
1898,ᄏᆑᆨ,1
1899,ᄏᆑᆫ,50
1900,ᄏᆑᇙ,4
1901,ᄏᆑᇰ,12
1902,ᄏᆑᇹ,10
1903,ᄏᆔ,1
1904,ᄏᆕ,150
1905,ᄏᆛ,35
1906,ᄏᆜᆼ,12
1907,ᄏᆞ,2677
1908,ᄏᆞᆨ,3
1909,ᄏᆞᆫ,2
1910,ᄏᆞᆮ,52
1911,ᄏᆞᆯ,24
1912,ᄏᆞᆺ,1532
1913,ᄏᆞᆼ,1
1914,ᄏᆟ,1
1915,ᄏᆡ,367
1916,ᄏᆡᆨ,55
1917,ᄏᆡᆫ,4
1918,ᄏᆡᆯ,2
1919,ᄏᆡᆷ,1
1920,ᄏᆡᆺ,2
1921,ᄏᆡᆼ,1
1922,ᄏᆡᇰ,2
1923,ᄏᆦᆼ,2
1924,ᄏᆧᆼ,1
1925,ᄏힳ,3
1926,ᄏힵᆫ,1
1927,ᄏힹᆼ,2
1928,ᄏힺᆼ,1
1929,ᄏힺᇙ,1
1930,ᄏퟄ,3
1931,ᄏퟄᆸ,1
1932,ᄏퟅ,1
1933,ᄐᅠ,16
1934,타ᇙ,93
1935,타ᇢ,39
1936,타ᇦ,14
1937,타ᇫ,2
1938,타ᇰ,133
1939,타ᇹ,21
1940,태ᇰ,1
1941,탸ᇢ,24
1942,탸ᇰ,33
1943,터ᇙ,3
1944,터ᇰ,5
1945,터ᇱ,3
1946,터ᇹ,5
1947,테ᇰ,1
1948,텨ᇙ,82
1949,텨ᇢ,5
1950,텨ᇰ,79
1951,텨ᇹ,84
1952,톄ᇰ,5
1953,토ᇙ,6
1954,토ᇢ,28
1955,토ᇫ,5
1956,토ᇰ,1372
1957,톼ᇙ,416
1958,퇴ᇙ,2
1959,툐ᇙ,1
1960,툐ᇢ,4
1961,툐ᇰ,1
1962,투ᇙ,18
1963,투ᇢ,27
1964,투ᇰ,4
1965,투ᇹ,6
1966,퉈ᇹ,7
1967,튜ᇙ,3
1968,튜ᇢ,4
1969,튜ᇰ,44
1970,트ᇙ,5
1971,트ᇢ,18
1972,트ᇰ,9
1973,틔ᇰ,4
1974,틔ᇹ,7
1975,티ᇙ,5
1976,티ᇢ,3
1977,티ᇰ,14
1978,티ᇹ,14
1979,ᄐᅶ,107
1980,ᄐᅶᇙ,1
1981,ᄐᅷ,1
1982,ᄐᅸ,113
1983,ᄐᅹ,1
1984,ᄐᅻ,3
1985,ᄐᅻᆮ,1
1986,ᄐᅻᇹ,1
1987,ᄐᅿ,2
1988,ᄐᆀ,4
1989,ᄐᆂ,2
1990,ᄐᆂᆯ,2
1991,ᄐᆈ,9
1992,ᄐᆐ,1
1993,ᄐᆔ,1
1994,ᄐᆕ,356
1995,ᄐᆞ,8124
1996,ᄐᆞᆨ,44
1997,ᄐᆞᆫ,4395
1998,ᄐᆞᆮ,3
1999,ᄐᆞᆯ,396
2000,ᄐᆞᆰ,7
2001,ᄐᆞᆷ,33
2002,ᄐᆞᆺ,2875
2003,ᄐᆟ,1
2004,ᄐᆟᆨ,12
2005,ᄐᆡ,13190
2006,ᄐᆡᆨ,3847
2007,ᄐᆡᆫ,3
2008,ᄐᆡᆯ,26
2009,ᄐᆡᆺ,8
2010,ᄐᆡᆼ,209
2011,ᄐᆡᇰ,14
2012,ᄐힹᆺ,1
2013,ᄐힹᇙ,1
2014,ᄐퟄ,5
2015,ᄐퟄᆺ,4
2016,ᄐퟅᆼ,2
2017,ᄑᅠ,18
2018,파ᇙ,11
2019,파ᇢ,23
2020,파ᇦ,1
2021,파ᇰ,17
2022,파ᇹ,1
2023,패ᇰ,1
2024,퍄ᇢ,9
2025,퍠ᇰ,1
2026,퍼ᇢ,1
2027,퍼ᇰ,1
2028,펴ᇇ,1
2029,펴ᇙ,8
2030,펴ᇢ,1
2031,펴ᇰ,123
2032,펴ᇹ,5
2033,폐ᇰ,1
2034,포ᇙ,1
2035,포ᇢ,8
2036,포ᇰ,61
2037,표ᇢ,20
2038,푸ᇙ,13
2039,푸ᇢ,2
2040,푸ᇫ,1
2041,푸ᇰ,100
2042,푸ᇱ,12
2043,풔ᇹ,4
2044,퓌ᇹ,1
2045,퓨ᇢ,1
2046,퓨ᇰ,1
2047,프ᇙ,4
2048,프ᇫ,1
2049,프ᇰ,13
2050,프ퟝ,1
2051,픠ᇹ,12
2052,피ᇙ,2
2053,피ᇢ,1
2054,피ᇰ,4
2055,피ᇹ,28
2056,ᄑᅶ,64
2057,ᄑᅸ,33
2058,ᄑᅻ,15
2059,ᄑᅿ,1
2060,ᄑᆂ,1
2061,ᄑᆈ,318
2062,ᄑᆔ,3
2063,ᄑᆕ,5
2064,ᄑᆖᆯ,1
2065,ᄑᆛ,1
2066,ᄑᆞ,944
2067,ᄑᆞᆫ,429
2068,ᄑᆞᆮ,3
2069,ᄑᆞᆯ,595
2070,ᄑᆞᆳ,1
2071,ᄑᆞᆶ,1
2072,ᄑᆞᆷ,80
2073,ᄑᆞᆺ,85
2074,ᄑᆞᇙ,1
2075,ᄑᆞᇫ,1
2076,ᄑᆞᇰ,1
2077,ᄑᆡ,5864
2078,ᄑᆡᆨ,23
2079,ᄑᆡᆫ,39
2080,ᄑᆡᆯ,1
2081,ᄑᆡᆷ,1
2082,ᄑᆡᆺ,426
2083,ᄑᆡᆼ,496
2084,ᄑᆡᇰ,5
2085,ᄑퟄ,2
2086,ᄑퟅ,1
2087,ᄒᅠ,216
2088,ᄒᅠᆫ,1
2089,ᄒᅠᆯ,1
2090,ᄒᅠᆴ,1
2091,ᄒᅠᇎ,1
2092,하ᇇ,3
2093,하ᇍ,1
2094,하ᇙ,13
2095,하ᇢ,133
2096,하ᇦ,3
2097,하ᇫ,1
2098,하ᇰ,71
2099,하ᇱ,1
2100,하ᇹ,1
2101,하ퟦ,1
2102,해ᇫ,1
2103,해ᇰ,4
2104,햐ᇢ,27
2105,햐ᇦ,1
2106,햐ᇫ,9
2107,햐ᇰ,1594
2108,햐ᇱ,2
2109,햐ᇹ,4
2110,허ᇙ,44
2111,허ᇰ,40
2112,허ᇹ,14
2113,혀ᇙ,4
2114,혀ᇢ,5
2115,혀ᇫ,12
2116,혀ᇰ,111
2117,혀ᇹ,13
2118,혜ᇙ,2
2119,호ᇙ,412
2120,호ᇝ,1
2121,호ᇢ,82
2122,호ᇫ,2
2123,호ᇰ,79
2124,호ퟛ,3
2125,화ᇫ,7
2126,화ᇰ,262
2127,화ᇱ,14
2128,홰ᇰ,1
2129,홰ᇹ,2
2130,회ᇫ,2
2131,회ᇰ,17
2132,효ᇙ,2
2133,효ᇢ,38
2134,후ᇙ,7
2135,후ᇝ,2
2136,후ᇢ,18
2137,후ᇰ,3
2138,훠ᇙ,4
2139,훠ᇰ,5
2140,훠ᇹ,3
2141,휴ᇙ,4
2142,휴ᇢ,93
2143,휴ᇰ,38
2144,휴ᇹ,4
2145,흐ᇃ,1
2146,흐ᇐ,1
2147,흐ᇙ,21
2148,흐ᇢ,5
2149,흐ᇫ,4
2150,흐ᇰ,55
2151,희ᇙ,1
2152,희ᇫ,2
2153,희ᇰ,4
2154,희ᇹ,39
2155,히ᇙ,5
2156,히ᇝ,10
2157,히ᇢ,14
2158,히ᇰ,31
2159,히ᇷ,1
2160,히ᇹ,8
2161,ᄒᅶ,283
2162,ᄒᅸ,52
2163,ᄒᅻ,3
2164,ᄒᅻᆫ,3
2165,ᄒᅿ,6
2166,ᄒᅿᆼ,1
2167,ᄒᅿᇹ,1
2168,ᄒᆀ,2
2169,ᄒᆂ,11
2170,ᄒᆂᆯ,4
2171,ᄒᆃ,1
2172,ᄒᆄᆼ,6
2173,ᄒᆈ,827
2174,ᄒᆈᆫ,3
2175,ᄒᆉ,5
2176,ᄒᆉᆫ,1
2177,ᄒᆉᆼ,1
2178,ᄒᆊ,4
2179,ᄒᆌ,4
2180,ᄒᆍ,1
2181,ᄒᆏ,5
2182,ᄒᆏᆫ,5
2183,ᄒᆏᆼ,1
2184,ᄒᆏᇰ,1
2185,ᄒᆐᆼ,1
2186,ᄒᆑ,51
2187,ᄒᆑᆫ,31
2188,ᄒᆑᆯ,2
2189,ᄒᆑᆼ,5
2190,ᄒᆑᇙ,26
2191,ᄒᆑᇰ,10
2192,ᄒᆑᇹ,4
2193,ᄒᆒ,5
2194,ᄒᆒᆼ,5
2195,ᄒᆔ,135
2196,ᄒᆔᆼ,23
2197,ᄒᆕ,187
2198,ᄒᆖ,1
2199,ᄒᆖᆫ,1
2200,ᄒᆘ,1
2201,ᄒᆚ,1
2202,ᄒᆛ,24
2203,ᄒᆜ,3
2204,ᄒᆜᆼ,1
2205,ᄒᆝ,2
2206,ᄒᆞ,1057779
2207,ᄒᆞᆨ,5942
2208,ᄒᆞᆩ,3
2209,ᄒᆞᆫ,157669
2210,ᄒᆞᆮ,7
2211,ᄒᆞᆯ,55133
2212,ᄒᆞᆰ,282
2213,ᄒᆞᆳ,7
2214,ᄒᆞᆶ,4
2215,ᄒᆞᆷ,12756
2216,ᄒᆞᆸ,44
2217,ᄒᆞᆺ,29
2218,ᄒᆞᆼ,1424
2219,ᄒᆞᇀ,1
2220,ᄒᆞᇂ,4
2221,ᄒᆞᇋ,1
2222,ᄒᆞᇎ,133
2223,ᄒᆞᇙ,302
2224,ᄒᆞᇫ,8
2225,ᄒᆞᇰ,41
2226,ᄒᆞᇿ,2
2227,ᄒᆞퟛ,1
2228,ᄒᆟ,2
2229,ᄒᆟᆼ,2
2230,ᄒᆠᇢ,1
2231,ᄒᆡ,39363
2232,ᄒᆡᆨ,1087
2233,ᄒᆡᆫ,461
2234,ᄒᆡᆮ,4
2235,ᄒᆡᆯ,63
2236,ᄒᆡᆷ,3
2237,ᄒᆡᆺ,246
2238,ᄒᆡᆼ,33604
2239,ᄒᆡᇙ,3
2240,ᄒᆡᇫ,8
2241,ᄒᆡᇰ,590
2242,ᄒᆢ,4
2243,ᄒᆥ,1
2244,ᄒᆦ,2
2245,ᄒᆦᆫ,2
2246,ᄒᆦᆼ,9
2247,ᄒᆦᇰ,1
2248,ᄒᆦᇱ,1
2249,ᄒᆧ,1
2250,ᄒힰ,1
2251,ᄒힲ,1
2252,ᄒힵ,5
2253,ᄒힵᆫ,2
2254,ᄒힵᆯ,1
2255,ᄒힵᆶ,1
2256,ᄒힶ,2
2257,ᄒힹ,13
2258,ᄒힹᆫ,7
2259,ᄒힹᆯ,1
2260,ᄒힹᆺ,1
2261,ᄒힹᆼ,13
2262,ᄒힹᇰ,1
2263,ᄒힺᆫ,1
2264,ᄒힺᇙ,1
2265,ᄒힼᆫ,1
2266,ᄒퟄ,15
2267,ᄒퟅ,16
2268,ᄒퟅᆨ,2
2269,ᄒퟅᆫ,1
2270,ᄒퟅᆯ,3
2271,ᄒퟅᆼ,6
2272,ᄒퟅᇰ,1
2273,ᄓᅡ,1
2274,ᄓᅥ,1
2275,ᄓᅩ,2
2276,ᄓᅳ,1
2277,ᄔᅡᆨ,1
2278,ᄔᅢᆼ,1
2279,ᄔᅥ,1
2280,ᄔᅦ,1
2281,ᄔᅨ,1
2282,ᄔᅩ,2
2283,ᄔᅵ,2
2284,ᄔᅵᆫ,1
2285,ᄔᆞ,8
2286,ᄔᆞᆫ,2
2287,ᄕᅡ,62
2288,ᄕᅡᆫ,11
2289,ᄕᅡᇙ,1
2290,ᄕᅦ,11
2291,ᄕᅦᆫ,3
2292,ᄕᅩ,54
2293,ᄕᅩᆫ,2
2294,ᄕᅭ,3
2295,ᄕᅳᆼ,1
2296,ᄕᅵᆼ,1
2297,ᄕᆡ,1
2298,ᄖᅡ,2
2299,ᄖᅥᆫ,1
2300,ᄖᅮ,1
2301,ᄗᅥᆨ,1
2302,ᄗᅩ,1
2303,ᄙᅳ,1
2304,ᄙᅳᆯ,1
2305,ᄙᆞ,5
2306,ᄛᅠ,1
2307,ᄛᅧ,1
2308,ᄛᅩ,1
2309,ᄜᅡ,70
2310,ᄜᅡᆫ,5
2311,ᄜᅡᆮ,1
2312,ᄜᅧ,1
2313,ᄜᅧᆫ,1
2314,ᄜᅨ,10
2315,ᄜᅨᆮ,2
2316,ᄜᅩ,60
2317,ᄜᅩᆫ,3
2318,ᄜᅩᆮ,1
2319,ᄜᅭ,7
2320,ᄜᅮ,49
2321,ᄜᅮᆫ,6
2322,ᄜᅵ,32
2323,ᄜᅵᆫ,3
2324,ᄝᅠ,4
2325,ᄝᅡ,5
2326,ᄝᅡᆫ,3
2327,ᄝᅡᆼ,54
2328,ᄝᅧ,1
2329,ᄝᅩ,3
2330,ᄝᅩᆫ,1
2331,ᄝᅪᆫ,29
2332,ᄝᅪᆼ,8
2333,ᄝᅪᇹ,4
2334,ᄝᅮ,80
2335,ᄝᅮᆫ,72
2336,ᄝᅮᇹ,17
2337,ᄝᅱ,11
2338,ᄝᅳᆫ,28
2339,ᄝᅳᇂ,1
2340,ᄝᅵ,39
2341,ᄝᆞᆶ,1
2342,ᄝᆡᆯ,1
2343,ᄝힹᇹ,1
2344,ᄞᅡ,2
2345,ᄞᅡᆨ,5
2346,ᄞᅢ,5
2347,ᄞᅢᆫ,1
2348,ᄞᅥ,16
2349,ᄞᅥᆨ,5
2350,ᄞᅥᆺ,2
2351,ᄞᅦ,8
2352,ᄞᅦᆫ,1
2353,ᄞᅧ,13
2354,ᄞᅧᆫ,1
2355,ᄞᅩ,5
2356,ᄞᅩᆨ,1
2357,ᄞᅩᆸ,1
2358,ᄞᅩᆺ,9
2359,ᄞᅬ,26
2360,ᄞᅭ,1
2361,ᄞᅮ,46
2362,ᄞᅮᆯ,10
2363,ᄞᅮᆷ,9
2364,ᄞᅰ,3
2365,ᄞᅳ,14
2366,ᄞᅳᆫ,8
2367,ᄞᅳᆯ,3
2368,ᄞᅳᆳ,1
2369,ᄞᅳᆺ,40
2370,ᄞᅴ,15
2371,ᄞᅴᆺ,3
2372,ᄞᅵ,64
2373,ᄞᅵᆺ,6
2374,ᄞᆞ,2
2375,ᄞᆞᆨ,2
2376,ᄞᆞᆯ,2
2377,ᄞᆡ,52
2378,ᄞᆡᆫ,2
2379,ᄞힵ,1
2380,ᄟᅢ,1
2381,ᄟᅳ,1
2382,ᄟᅳᆯ,1
2383,ᄟᆡ,2
2384,ᄠᅡ,23
2385,ᄠᅡᆯ,8
2386,ᄠᅡᆷ,1
2387,ᄠᅡᆸ,1
2388,ᄠᅢ,120
2389,ᄠᅥ,629
2390,ᄠᅥᆨ,1
2391,ᄠᅥᆫ,1
2392,ᄠᅥᆯ,44
2393,ᄠᅥᆲ,2
2394,ᄠᅥᆺ,7
2395,ᄠᅦ,27
2396,ᄠᅦᆫ,1
2397,ᄠᅦᆺ,5
2398,ᄠᅧ,22
2399,ᄠᅧᆺ,1
2400,ᄠᅨ,1
2401,ᄠᅩ,65
2402,ᄠᅩᆮ,2
2403,ᄠᅩᆯ,1
2404,ᄠᅩᆼ,3
2405,ᄠᅩᇙ,1
2406,ᄠᅬ,1
2407,ᄠᅬᆺ,1
2408,ᄠᅮ,16
2409,ᄠᅮᆨ,2
2410,ᄠᅮᆯ,8
2411,ᄠᅮᆲ,2
2412,ᄠᅮᆼ,1
2413,ᄠᅱ,164
2414,ᄠᅱᆫ,1
2415,ᄠᅱᆯ,4
2416,ᄠᅲᆮ,1
2417,ᄠᅳ,2413
2418,ᄠᅳᆫ,106
2419,ᄠᅳᆮ,414
2420,ᄠᅳᆯ,77
2421,ᄠᅳᆰ,1
2422,ᄠᅳᆲ,2
2423,ᄠᅳᆳ,4
2424,ᄠᅳᆷ,6
2425,ᄠᅳᆺ,365
2426,ᄠᅳᇙ,1
2427,ᄠᅴ,70
2428,ᄠᅵ,62
2429,ᄠᅵᆨ,1
2430,ᄠᅵᆫ,4
2431,ᄠᅵᆯ,9
2432,ᄠᅵᆺ,1
2433,ᄠᆖᆫ,1
2434,ᄠᆖᆮ,1
2435,ᄠᆞ,73
2436,ᄠᆞᆫ,7
2437,ᄠᆞᆯ,6
2438,ᄠᆞᆷ,1
2439,ᄠᆞᆺ,1
2440,ᄠᆟ,1
2441,ᄠᆡ,222
2442,ᄠᆡᆫ,4
2443,ᄠᆡᆺ,6
2444,ᄠퟅ,1
2445,ᄡᅡ,1351
2446,ᄡᅡᆨ,10
2447,ᄡᅡᆫ,28
2448,ᄡᅡᆯ,10
2449,ᄡᅡᆷ,4
2450,ᄡᅡᆸ,1
2451,ᄡᅡᆺ,14
2452,ᄡᅡᆼ,2607
2453,ᄡᅢ,21
2454,ᄡᅢᆯ,1
2455,ᄡᅢᆷ,2
2456,ᄡᅣ,8
2457,ᄡᅣᆨ,1
2458,ᄡᅣᆷ,1
2459,ᄡᅣᆼ,474
2460,ᄡᅤᆺ,1
2461,ᄡᅥ,21991
2462,ᄡᅥᆨ,27
2463,ᄡᅥᆫ,5
2464,ᄡᅥᆯ,3
2465,ᄡᅥᆷ,32
2466,ᄡᅥᆸ,8
2467,ᄡᅥᆺ,123
2468,ᄡᅥᆼ,1
2469,ᄡᅦ,95
2470,ᄡᅦᆫ,14
2471,ᄡᅦᆯ,3
2472,ᄡᅧ,6020
2473,ᄡᅧᆨ,22
2474,ᄡᅧᆯ,2
2475,ᄡᅧᆷ,4
2476,ᄡᅧᆺ,30
2477,ᄡᅧᆼ,1
2478,ᄡᅨ,10
2479,ᄡᅩ,725
2480,ᄡᅩᆫ,15
2481,ᄡᅩᆯ,11
2482,ᄡᅩᆺ,11
2483,ᄡᅪᆼ,1
2484,ᄡᅫᆺ,1
2485,ᄡᅬ,25
2486,ᄡᅭ,7
2487,ᄡᅭᆨ,1
2488,ᄡᅮ,282
2489,ᄡᅮᆨ,110
2490,ᄡᅮᆫ,17
2491,ᄡᅮᆯ,24
2492,ᄡᅮᆷ,9
2493,ᄡᅮᆺ,19
2494,ᄡᅮᇙ,7
2495,ᄡᅲ,17
2496,ᄡᅲᆨ,3
2497,ᄡᅳ,4958
2498,ᄡᅳᆨ,2
2499,ᄡᅳᆫ,479
2500,ᄡᅳᆯ,807
2501,ᄡᅳᆳ,1
2502,ᄡᅳᆷ,31
2503,ᄡᅳᆺ,53
2504,ᄡᅳᇙ,3
2505,ᄡᅴ,85
2506,ᄡᅴᆨ,52
2507,ᄡᅵ,772
2508,ᄡᅵᆨ,46
2509,ᄡᅵᆫ,1
2510,ᄡᅵᆯ,1
2511,ᄡᅵᆷ,2
2512,ᄡᅵᆸ,8
2513,ᄡᅵᆺ,210
2514,ᄡᅵᆼ,22
2515,ᄡᅵᇰ,14
2516,ᄡᆞ,1724
2517,ᄡᆞᆨ,6
2518,ᄡᆞᆫ,96
2519,ᄡᆞᆯ,381
2520,ᄡᆞᆳ,7
2521,ᄡᆞᆷ,18
2522,ᄡᆞᆸ,1
2523,ᄡᆞᆺ,21
2524,ᄡᆞᆼ,12
2525,ᄡᆞᇰ,2
2526,ᄡᆡ,44
2527,ᄡᆡᆨ,2
2528,ᄡᆡᆯ,1
2529,ᄡᆡᆺ,1
2530,ᄡힻ,1
2531,ᄡퟄ,1
2532,ᄡퟄᆯ,1
2533,ᄡퟅᆼ,1
2534,ᄢᅠ,1
2535,ᄢᅡ,6
2536,ᄢᅢ,60
2537,ᄢᅢᆺ,4
2538,ᄢᅤ,1
2539,ᄢᅥ,105
2540,ᄢᅦ,47
2541,ᄢᅦᆯ,4
2542,ᄢᅧ,16
2543,ᄢᅨᆺ,1
2544,ᄢᅩ,1
2545,ᄢᅬ,2
2546,ᄢᅮ,28
2547,ᄢᅮᆯ,65
2548,ᄢᅮᆳ,2
2549,ᄢᅱ,5
2550,ᄢᅳ,173
2551,ᄢᅳᆫ,4
2552,ᄢᅳᆯ,28
2553,ᄢᅳᆷ,4
2554,ᄢᅴ,1220
2555,ᄢᅴᆫ,8
2556,ᄢᅴᆺ,16
2557,ᄢᅵ,127
2558,ᄢᅵᆨ,3
2559,ᄢᅵᆫ,1
2560,ᄢᅵᆮ,3
2561,ᄢᅵᆯ,4
2562,ᄢᅵᆽ,1
2563,ᄢᆜ,8
2564,ᄢᆞ,3
2565,ᄢᆞᆫ,1
2566,ᄢᆞᆯ,2
2567,ᄢᆡ,2
2568,ᄢힺ,3
2569,ᄣᅢ,37
2570,ᄣᅥ,3
2571,ᄣᅥᆺ,1
2572,ᄣᅩᆫ,1
2573,ᄣᅬ,1
2574,ᄣᅲ,2
2575,ᄣᅳ,5
2576,ᄣᅴ,1
2577,ᄣᅵ,10
2578,ᄣᅵᆯ,17
2579,ᄣᆞ,33
2580,ᄤᅨ,1
2581,ᄥᅣᆼ,1
2582,ᄥᅥ,2
2583,ᄥᅩ,5
2584,ᄥᅳ,1
2585,ᄥᅵ,1
2586,ᄧᅡ,80
2587,ᄧᅡᆨ,122
2588,ᄧᅡᆺ,1
2589,ᄧᅡᆼ,2
2590,ᄧᅡᇰ,6
2591,ᄧᅢ,5
2592,ᄧᅣᆨ,3
2593,ᄧᅣᆼ,2
2594,ᄧᅥ,30
2595,ᄧᅥᆨ,9
2596,ᄧᅥᆯ,1
2597,ᄧᅦ,4
2598,ᄧᅧ,27
2599,ᄧᅩ,153
2600,ᄧᅩᆨ,24
2601,ᄧᅩᆫ,56
2602,ᄧᅩᆷ,2
2603,ᄧᅩᆺ,128
2604,ᄧᅪᆯ,1
2605,ᄧᅪᇰ,4
2606,ᄧᅬ,85
2607,ᄧᅬᆫ,1
2608,ᄧᅬᆯ,10
2609,ᄧᅭᆺ,1
2610,ᄧᅮ,2
2611,ᄧᅮᆯ,2
2612,ᄧᅮᆺ,1
2613,ᄧᅳ,75
2614,ᄧᅳᆨ,2
2615,ᄧᅳᆫ,26
2616,ᄧᅳᆯ,2
2617,ᄧᅳᆷ,4
2618,ᄧᅳᆺ,33
2619,ᄧᅴ,33
2620,ᄧᅴᆼ,5
2621,ᄧᅵ,220
2622,ᄧᅵᆨ,18
2623,ᄧᅵᆫ,7
2624,ᄧᅵᆯ,2
2625,ᄧᅵᆷ,3
2626,ᄧᅵᆺ,11
2627,ᄧᅵᆼ,230
2628,ᄧᆞ,305
2629,ᄧᆞᆨ,106
2630,ᄧᆞᆫ,24
2631,ᄧᆞᆮ,1
2632,ᄧᆞᆯ,10
2633,ᄧᆞᆺ,3
2634,ᄧᆡ,49
2635,ᄧᆡᆫ,2
2636,ᄧᆡᆼ,7
2637,ᄨᆞᆯ,1
2638,ᄩᅡ,42
2639,ᄩᅢᆺ,1
2640,ᄩᅥ,29
2641,ᄩᅥᆯ,2
2642,ᄩᅥᆺ,2
2643,ᄩᅩ,1
2644,ᄩᅮ,1
2645,ᄩᅮᆨ,5
2646,ᄩᅱ,7
2647,ᄩᅳ,2
2648,ᄩᅳᆮ,1
2649,ᄩᅵ,35
2650,ᄩᅵᆯ,2
2651,ᄩᅵᆺ,1
2652,ᄩᆞ,7
2653,ᄩᆞᆫ,3
2654,ᄩᆞᆯ,4
2655,ᄩᆡᆺ,1
2656,ᄪᅡᆫ,1
2657,ᄪᅧ,1
2658,ᄪᅳ,1
2659,ᄫᅠ,20
2660,ᄫᅡ,1000
2661,ᄫᅡᆫ,193
2662,ᄫᅡᆯ,1
2663,ᄫᅡᆺ,9
2664,ᄫᅡᆼ,338
2665,ᄫᅡᇹ,38
2666,ᄫᅢᆺ,25
2667,ᄫᅥ,49
2668,ᄫᅦ,1
2669,ᄫᅦᆺ,1
2670,ᄫᅧ,4
2671,ᄫᅧᆨ,3
2672,ᄫᅨᆺ,1
2673,ᄫᅩ,478
2674,ᄫᅩᆫ,12
2675,ᄫᅩᆯ,6
2676,ᄫᅩᆷ,10
2677,ᄫᅩᇙ,4
2678,ᄫᅪ,6
2679,ᄫᅪᆫ,13
2680,ᄫᅪᇹ,6
2681,ᄫᅬ,2
2682,ᄫᅮ,520
2683,ᄫᅮᆫ,32
2684,ᄫᅮᆷ,11
2685,ᄫᅮᆼ,277
2686,ᄫᅮᇹ,24
2687,ᄫᅱ,4
2688,ᄫᅲ,1
2689,ᄫᅳ,101
2690,ᄫᅳᆫ,374
2691,ᄫᅳᆯ,62
2692,ᄫᅳᆳ,2
2693,ᄫᅳᆷ,3
2694,ᄫᅳᆼ,2
2695,ᄫᅳᇙ,2
2696,ᄫᅳᇢ,11
2697,ᄫᅳᇫ,1
2698,ᄫᅴ,65
2699,ᄫᅴᆸ,1
2700,ᄫᅵ,274
2701,ᄫᅵᆨ,1
2702,ᄫᅵᆫ,1
2703,ᄫᅵᆯ,2
2704,ᄫᅵᆼ,5
2705,ᄫᅵᇹ,2
2706,ᄫᆕ,27
2707,ᄫᆞ,677
2708,ᄫᆞᆫ,155
2709,ᄫᆞᆯ,63
2710,ᄫᆞᆳ,1
2711,ᄫᆞᇙ,12
2712,ᄫᆡ,25
2713,ᄫᆡᆫ,41
2714,ᄫᆡᆯ,6
2715,ᄫힹᆫ,1
2716,ᄬᅠ,4
2717,ᄬᅡ,4
2718,ᄬᅡᆫ,48
2719,ᄬᅡᆷ,2
2720,ᄬᅡᆼ,81
2721,ᄬᅡᇦ,1
2722,ᄬᅡᇹ,12
2723,ᄬᅩᆫ,3
2724,ᄬᅩᇢ,1
2725,ᄬᅪᆫ,37
2726,ᄬᅪᇹ,9
2727,ᄬᅮ,72
2728,ᄬᅮᆫ,7
2729,ᄬᅮᆼ,32
2730,ᄬᅮᇹ,43
2731,ᄬᅳᆫ,13
2732,ᄬᅳᆼ,3
2733,ᄬᅳᇂ,1
2734,ᄬᅳᇢ,19
2735,ᄬᅴ,1
2736,ᄬᅵ,6
2737,ᄬᅵᆫ,1
2738,ᄬᅵᆼ,1
2739,ᄬᅵᇹ,1
2740,ᄬힼᆼ,1
2741,ᄭᅡ,631
2742,ᄭᅡᆨ,319
2743,ᄭᅡᆫ,268
2744,ᄭᅡᆯ,107
2745,ᄭᅡᆷ,55
2746,ᄭᅡᆸ,5
2747,ᄭᅡᆺ,45
2748,ᄭᅡᆼ,10
2749,ᄭᅡᇰ,1
2750,ᄭᅢ,414
2751,ᄭᅢᆫ,3
2752,ᄭᅢᆯ,4
2753,ᄭᅢᆺ,5
2754,ᄭᅤ,2
2755,ᄭᅥ,892
2756,ᄭᅥᆨ,390
2757,ᄭᅥᆩ,1
2758,ᄭᅥᆫ,4
2759,ᄭᅥᆯ,16
2760,ᄭᅥᆲ,1
2761,ᄭᅥᆸ,219
2762,ᄭᅥᆺ,128
2763,ᄭᅥᆼ,4
2764,ᄭᅦ,666
2765,ᄭᅦᆨ,1
2766,ᄭᅦᆫ,18
2767,ᄭᅦᆺ,5
2768,ᄭᅧ,414
2769,ᄭᅧᆯ,15
2770,ᄭᅧᆸ,1
2771,ᄭᅧᆺ,16
2772,ᄭᅧᆼ,1
2773,ᄭᅨ,18
2774,ᄭᅩ,967
2775,ᄭᅩᆨ,246
2776,ᄭᅩᆫ,3
2777,ᄭᅩᆮ,7
2778,ᄭᅩᆯ,74
2779,ᄭᅩᆳ,1
2780,ᄭᅩᆷ,25
2781,ᄭᅩᆸ,43
2782,ᄭᅩᆺ,1444
2783,ᄭᅩᆼ,47
2784,ᄭᅩᆾ,1
2785,ᄭᅪ,8
2786,ᄭᅪᆨ,4
2787,ᄭᅪᆫ,2
2788,ᄭᅪᆯ,1
2789,ᄭᅪᆼ,6
2790,ᄭᅫ,7
2791,ᄭᅫᆨ,1
2792,ᄭᅬ,1712
2793,ᄭᅬᆨ,1
2794,ᄭᅬᆫ,3
2795,ᄭᅬᆯ,3
2796,ᄭᅬᆺ,1
2797,ᄭᅭ,6
2798,ᄭᅭᆨ,2
2799,ᄭᅭᆫ,1
2800,ᄭᅭᆯ,1
2801,ᄭᅭᆷ,3
2802,ᄭᅭᆺ,1
2803,ᄭᅭᆼ,3
2804,ᄭᅮ,3256
2805,ᄭᅮᆨ,6
2806,ᄭᅮᆫ,18
2807,ᄭᅮᆯ,652
2808,ᄭᅮᆷ,1053
2809,ᄭᅮᆸ,7
2810,ᄭᅮᆺ,17
2811,ᄭᅮᆼ,2
2812,ᄭᅮᇙ,2
2813,ᄭᅮᇝ,2
2814,ᄭᅯ,9
2815,ᄭᅯᆼ,85
2816,ᄭᅯᇰ,3
2817,ᄭᅰ,37
2818,ᄭᅰᆯ,1
2819,ᄭᅱ,77
2820,ᄭᅱᆼ,3
2821,ᄭᅲ,9
2822,ᄭᅲᆷ,1
2823,ᄭᅳ,2052
2824,ᄭᅳᆨ,1
2825,ᄭᅳᆫ,1296
2826,ᄭᅳᆮ,3
2827,ᄭᅳᆯ,651
2828,ᄭᅳᆳ,1
2829,ᄭᅳᆷ,27
2830,ᄭᅳᆺ,2336
2831,ᄭᅳᆼ,13
2832,ᄭᅴ,2606
2833,ᄭᅴᆨ,2
2834,ᄭᅴᆫ,2
2835,ᄭᅴᆯ,1
2836,ᄭᅴᆺ,1
2837,ᄭᅴᆼ,1
2838,ᄭᅵ,1931
2839,ᄭᅵᆨ,19
2840,ᄭᅵᆫ,179
2841,ᄭᅵᆯ,70
2842,ᄭᅵᆷ,12
2843,ᄭᅵᆸ,1
2844,ᄭᅵᆺ,107
2845,ᄭᅵᆼ,3
2846,ᄭᆈ,1
2847,ᄭᆜ,4
2848,ᄭᆞ,1050
2849,ᄭᆞᆨ,27
2850,ᄭᆞᆫ,13
2851,ᄭᆞᆮ,1
2852,ᄭᆞᆯ,119
2853,ᄭᆞᆷ,11
2854,ᄭᆞᆺ,28
2855,ᄭᆠᆷ,1
2856,ᄭᆡ,6398
2857,ᄭᆡᆨ,2
2858,ᄭᆡᆫ,47
2859,ᄭᆡᆯ,18
2860,ᄭᆡᆺ,22
2861,ᄭᆡᇙ,2
2862,ᄭힶᆫ,1
2863,ᄭퟄ,1
2864,ᄭퟅ,2
2865,ᄭퟅᆨ,2
2866,ᄮᅠ,2
2867,ᄮᅡ,5
2868,ᄮᅦᆫ,1
2869,ᄮᅩ,4
2870,ᄮᆞ,1
2871,ᄯᅠ,1
2872,ᄯᅡ,5587
2873,ᄯᅡᆨ,67
2874,ᄯᅡᆫ,79
2875,ᄯᅡᆯ,329
2876,ᄯᅡᆷ,61
2877,ᄯᅡᆸ,3
2878,ᄯᅡᆺ,63
2879,ᄯᅡᆼ,171
2880,ᄯᅡᇰ,4
2881,ᄯᅢ,4341
2882,ᄯᅢᆨ,3
2883,ᄯᅢᆫ,15
2884,ᄯᅢᆯ,15
2885,ᄯᅢᆷ,1
2886,ᄯᅣ,3
2887,ᄯᅥ,7023
2888,ᄯᅥᆨ,644
2889,ᄯᅥᆫ,47
2890,ᄯᅥᆯ,1132
2891,ᄯᅥᆲ,2
2892,ᄯᅥᆸ,1
2893,ᄯᅥᆺ,139
2894,ᄯᅥᆼ,5
2895,ᄯᅦ,387
2896,ᄯᅦᆺ,4
2897,ᄯᅧ,45
2898,ᄯᅧᆨ,1
2899,ᄯᅧᆫ,1
2900,ᄯᅨ,3
2901,ᄯᅩ,37625
2902,ᄯᅩᆨ,44
2903,ᄯᅩᆫ,5
2904,ᄯᅩᆯ,14
2905,ᄯᅩᆷ,1
2906,ᄯᅩᆸ,3
2907,ᄯᅩᆺ,8
2908,ᄯᅩᆼ,250
2909,ᄯᅩᇰ,202
2910,ᄯᅩᇱ,2
2911,ᄯᅬ,14
2912,ᄯᅬᆫ,2
2913,ᄯᅭ,2
2914,ᄯᅭᆺ,1
2915,ᄯᅭᆼ,2
2916,ᄯᅮ,239
2917,ᄯᅮᆨ,130
2918,ᄯᅮᆫ,2
2919,ᄯᅮᆯ,96
2920,ᄯᅮᆲ,29
2921,ᄯᅮᆷ,3
2922,ᄯᅮᆸ,1
2923,ᄯᅮᆺ,1
2924,ᄯᅮᆼ,19
2925,ᄯᅮᇙ,1
2926,ᄯᅮᇰ,1
2927,ᄯᅱ,1099
2928,ᄯᅱᆫ,4
2929,ᄯᅱᆯ,44
2930,ᄯᅲᆼ,1
2931,ᄯᅲᇰ,2
2932,ᄯᅳ,1172
2933,ᄯᅳᆨ,20
2934,ᄯᅳᆫ,162
2935,ᄯᅳᆮ,29
2936,ᄯᅳᆯ,428
2937,ᄯᅳᆷ,74
2938,ᄯᅳᆺ,12859
2939,ᄯᅳᇰ,3
2940,ᄯᅴ,1960
2941,ᄯᅴᆫ,26
2942,ᄯᅴᆯ,8
2943,ᄯᅴᆺ,11
2944,ᄯᅴᆼ,3
2945,ᄯᅵ,426
2946,ᄯᅵᆨ,12
2947,ᄯᅵᆫ,21
2948,ᄯᅵᆯ,8
2949,ᄯᅵᆷ,1
2950,ᄯᅵᆺ,9
2951,ᄯᅵᆼ,3
2952,ᄯᆔ,2
2953,ᄯᆞ,5502
2954,ᄯᆞᆨ,4
2955,ᄯᆞᆫ,103
2956,ᄯᆞᆯ,2586
2957,ᄯᆞᆰ,2
2958,ᄯᆞᆷ,208
2959,ᄯᆞᆸ,3
2960,ᄯᆞᆺ,12
2961,ᄯᆞᆼ,7
2962,ᄯᆟ,1
2963,ᄯᆡ,9208
2964,ᄯᆡᆨ,3
2965,ᄯᆡᆫ,14
2966,ᄯᆡᆯ,4
2967,ᄯᆡᆼ,1
2968,ᄯힺᆨ,1
2969,ᄯퟅ,4
2970,ᄯퟅᆨ,1
2971,ᄯퟅᆯ,1
2972,ᄯퟆ,1
2973,ᄰᅡ,1
2974,ᄰᅥ,7
2975,ᄰᅥᆫ,1
2976,ᄰᅮᆨ,1
2977,ᄰᅴ,1
2978,ᄰᅵ,3
2979,ᄰᆞᆺ,1
2980,ᄰᆡ,3
2981,ᄱᅠ,1
2982,ᄱᅡ,1
2983,ᄱᅦ,1
2984,ᄱᅩ,4
2985,ᄱᅳ,1
2986,ᄱᅳᆯ,1
2987,ᄱᅵ,3
2988,ᄱᆞᆯ,3
2989,ᄲᅡ,1406
2990,ᄲᅡᆨ,16
2991,ᄲᅡᆫ,10
2992,ᄲᅡᆮ,1
2993,ᄲᅡᆯ,249
2994,ᄲᅡᆷ,58
2995,ᄲᅡᆸ,6
2996,ᄲᅡᆺ,13
2997,ᄲᅡᆼ,9
2998,ᄲᅢ,262
2999,ᄲᅢᆨ,32
3000,ᄲᅢᆫ,8
3001,ᄲᅢᆯ,2
3002,ᄲᅢᆷ,4
3003,ᄲᅢᆺ,3
3004,ᄲᅢᆼ,18
3005,ᄲᅣ,4
3006,ᄲᅣᆷ,66
3007,ᄲᅣᆼ,1
3008,ᄲᅥ,85
3009,ᄲᅥᆨ,13
3010,ᄲᅥᆫ,10
3011,ᄲᅥᆯ,1
3012,ᄲᅥᆷ,1
3013,ᄲᅥᆸ,1
3014,ᄲᅥᆺ,50
3015,ᄲᅥᆼ,2
3016,ᄲᅦ,43
3017,ᄲᅦᆯ,2
3018,ᄲᅦᆼ,1
3019,ᄲᅧ,731
3020,ᄲᅧᆨ,3
3021,ᄲᅧᆯ,6
3022,ᄲᅧᆷ,6
3023,ᄲᅧᆺ,14
3024,ᄲᅨ,183
3025,ᄲᅨᆫ,1
3026,ᄲᅨᆯ,3
3027,ᄲᅩ,67
3028,ᄲᅩᆨ,2
3029,ᄲᅩᆫ,3
3030,ᄲᅩᆯ,23
3031,ᄲᅩᆷ,61
3032,ᄲᅩᆸ,109
3033,ᄲᅩᆼ,99
3034,ᄲᅩᇰ,38
3035,ᄲᅬ,1
3036,ᄲᅬᆷ,1
3037,ᄲᅭ,36
3038,ᄲᅭᆸ,1
3039,ᄲᅮ,907
3040,ᄲᅮᆨ,3
3041,ᄲᅮᆫ,2895
3042,ᄲᅮᆯ,174
3043,ᄲᅮᆷ,61
3044,ᄲᅮᆸ,1
3045,ᄲᅮᆼ,2
3046,ᄲᅱ,3
3047,ᄲᅲᆫ,1
3048,ᄲᅳ,392
3049,ᄲᅳᆨ,1
3050,ᄲᅳᆫ,2308
3051,ᄲᅳᆯ,108
3052,ᄲᅳᆳ,2
3053,ᄲᅳᆷ,56
3054,ᄲᅳᆸ,3
3055,ᄲᅳᆺ,2
3056,ᄲᅳᆼ,4
3057,ᄲᅳᆽ,1
3058,ᄲᅴ,15
3059,ᄲᅵ,111
3060,ᄲᅵᆨ,1
3061,ᄲᅵᆫ,1
3062,ᄲᅵᆯ,28
3063,ᄲᅵᆷ,4
3064,ᄲᅵᆺ,13
3065,ᄲᅵᆼ,3
3066,ᄲᆞ,2353
3067,ᄲᆞᆫ,26
3068,ᄲᆞᆯ,2805
3069,ᄲᆞᆰ,1
3070,ᄲᆞᆶ,1
3071,ᄲᆞᆷ,4
3072,ᄲᆞᆺ,1
3073,ᄲᆞᆼ,1
3074,ᄲᆞᇙ,1
3075,ᄲᆡ,311
3076,ᄲᆡᆨ,9
3077,ᄲᆡᆫ,4
3078,ᄲᆡᆯ,1
3079,ᄲᆡᆷ,1
3080,ᄲᆡᆺ,14
3081,ᄲᆡᆼ,47
3082,ᄲퟅ,1
3083,ᄳᅳ,2
3084,ᄳᅳᆯ,1
3085,ᄴᅡᆯ,1
3086,ᄴᅣᆼ,2
3087,ᄴᅥ,1
3088,ᄴᅳ,3
3089,ᄴᅵ,1
3090,ᄴᅵᆫ,1
3091,ᄴᅵᆸ,1
3092,ᄴᅵᆼ,1
3093,ᄴᆞᆼ,1
3094,ᄵᅠ,1
3095,ᄶᅡ,309
3096,ᄶᅡᆨ,185
3097,ᄶᅡᆫ,54
3098,ᄶᅡᆯ,32
3099,ᄶᅡᆷ,1
3100,ᄶᅡᆸ,8
3101,ᄶᅡᆺ,2
3102,ᄶᅡᆼ,3
3103,ᄶᅢ,39
3104,ᄶᅢᆫ,1
3105,ᄶᅢᆯ,2
3106,ᄶᅢᆷ,1
3107,ᄶᅣ,5
3108,ᄶᅣᆨ,5
3109,ᄶᅣᆼ,4
3110,ᄶᅣᇰ,1
3111,ᄶᅥ,135
3112,ᄶᅥᆨ,66
3113,ᄶᅥᆯ,1
3114,ᄶᅥᆼ,3
3115,ᄶᅥᇰ,1
3116,ᄶᅦ,19
3117,ᄶᅧ,48
3118,ᄶᅧᆨ,11
3119,ᄶᅧᆫ,2
3120,ᄶᅧᆯ,1
3121,ᄶᅧᆷ,1
3122,ᄶᅧᆺ,2
3123,ᄶᅧᆼ,1
3124,ᄶᅨ,1
3125,ᄶᅩ,273
3126,ᄶᅩᆨ,88
3127,ᄶᅩᆫ,1
3128,ᄶᅩᆷ,1
3129,ᄶᅩᆺ,130
3130,ᄶᅩᆼ,2
3131,ᄶᅬ,49
3132,ᄶᅬᆫ,2
3133,ᄶᅬᆯ,1
3134,ᄶᅭ,11
3135,ᄶᅭᆨ,3
3136,ᄶᅭᆺ,1
3137,ᄶᅮ,9
3138,ᄶᅮᆨ,17
3139,ᄶᅮᆯ,5
3140,ᄶᅮᆷ,1
3141,ᄶᅮᆼ,2
3142,ᄶᅱ,1
3143,ᄶᅱᆫ,1
3144,ᄶᅲ,1
3145,ᄶᅲᇢ,1
3146,ᄶᅳ,26
3147,ᄶᅳᆨ,14
3148,ᄶᅳᆫ,9
3149,ᄶᅳᆯ,1
3150,ᄶᅳᆲ,1
3151,ᄶᅳᆷ,162
3152,ᄶᅳᆺ,17
3153,ᄶᅳᆼ,6
3154,ᄶᅴ,25
3155,ᄶᅴᆯ,1
3156,ᄶᅵ,660
3157,ᄶᅵᆨ,176
3158,ᄶᅵᆫ,65
3159,ᄶᅵᆯ,43
3160,ᄶᅵᆷ,109
3161,ᄶᅵᆸ,7
3162,ᄶᅵᆺ,37
3163,ᄶᅵᆼ,104
3164,ᄶᅵᇰ,1
3165,ᄶᆈ,1
3166,ᄶᆑᆫ,1
3167,ᄶᆞ,239
3168,ᄶᆞᆨ,39
3169,ᄶᆞᆫ,8
3170,ᄶᆞᆯ,2
3171,ᄶᆞᆺ,1
3172,ᄶᆡ,36
3173,ᄶᆡᆼ,9
3174,ᄶퟄ,1
3175,ᄶퟅ,2
3176,ᄷᅧᆨ,1
3177,ᄷᅩ,1
3178,ᄷᅵ,2
3179,ᄷᆞᆯ,1
3180,ᄸᅥᆫ,1
3181,ᄸᅨ,1
3182,ᄸᅩ,2
3183,ᄸᅩᆫ,1
3184,ᄸᅩᆼ,1
3185,ᄸᅫ,1
3186,ᄸᅬ,1
3187,ᄸᅮ,1
3188,ᄸᅳ,1
3189,ᄸᅵ,1
3190,ᄸᅵᆫ,1
3191,ᄸᅵᆯ,2
3192,ᄸᆞ,1
3193,ᄸᆡ,1
3194,ᄹᅡ,10
3195,ᄹᅡᆨ,1
3196,ᄹᅢ,2
3197,ᄹᅥ,1
3198,ᄹᅥᆨ,1
3199,ᄹᅥᆯ,2
3200,ᄹᅩ,1
3201,ᄹᅩᆸ,2
3202,ᄹᅱ,1
3203,ᄹᅳᆷ,2
3204,ᄹᅳᆺ,1
3205,ᄹᅴ,1
3206,ᄹᅴᆨ,1
3207,ᄹᅴᆺ,1
3208,ᄹᅵ,21
3209,ᄹᅵᆨ,4
3210,ᄹᆞ,2
3211,ᄹᆞᆫ,1
3212,ᄹᆞᆯ,1
3213,ᄺᅠ,1
3214,ᄺᅢ,1
3215,ᄺᅮᆫ,1
3216,ᄺᅳ,1
3217,ᄺᅵ,3
3218,ᄺᆞ,1
3219,ᄻᅡ,1
3220,ᄻᅧ,2
3221,ᄻᅵᆷ,1
3222,ᄼᅠ,4
3223,ᄼᅡ,12
3224,ᄼᅡᆫ,19
3225,ᄼᅡᆯ,5
3226,ᄼᅡᆷ,12
3227,ᄼᅡᆼ,11
3228,ᄼᅡᇙ,1
3229,ᄼᅡᇢ,3
3230,ᄼᅡᇫ,1
3231,ᄼᅡᇹ,3
3232,ᄼᅣ,4
3233,ᄼᅣᆺ,4
3234,ᄼᅣᆼ,57
3235,ᄼᅣᇢ,4
3236,ᄼᅣᇦ,1
3237,ᄼᅣᇰ,1
3238,ᄼᅥ,2
3239,ᄼᅥᆺ,1
3240,ᄼᅦ,1
3241,ᄼᅧ,4
3242,ᄼᅧᆨ,1
3243,ᄼᅧᆫ,3
3244,ᄼᅧᆼ,1
3245,ᄼᅧᇢ,4
3246,ᄼᅧᇰ,3
3247,ᄼᅨ,6
3248,ᄼᅩ,5
3249,ᄼᅩᆫ,1
3250,ᄼᅩᆼ,2
3251,ᄼᅪᆫ,1
3252,ᄼᅫ,4
3253,ᄼᅭ,4
3254,ᄼᅭᆼ,1
3255,ᄼᅮ,2
3256,ᄼᅮᆯ,1
3257,ᄼᅮᆼ,3
3258,ᄼᅯᆫ,1
3259,ᄼᅱ,1
3260,ᄼᅲ,19
3261,ᄼᅲᆫ,4
3262,ᄼᅳ,9
3263,ᄼᅳᆫ,1
3264,ᄼᅳᆯ,2
3265,ᄼᅳᆼ,4
3266,ᄼᅳᇂ,1
3267,ᄼᅳᇫ,9
3268,ᄼᅳᇰ,1
3269,ᄼᅵ,88
3270,ᄼᅵᆨ,8
3271,ᄼᅵᆫ,54
3272,ᄼᅵᆯ,13
3273,ᄼᅵᆷ,14
3274,ᄼᅵᆸ,2
3275,ᄼᅵᆺ,1
3276,ᄼᅵᆼ,3
3277,ᄼᅵᇢ,7
3278,ᄼᅵᇹ,3
3279,ᄼᅶ,2
3280,ᄼᅸ,3
3281,ᄼᆒ,1
3282,ᄼᆛ,2
3283,ᄼᆞ,203
3284,ᄼᆞᆫ,2
3285,ᄼᆞᆯ,8
3286,ᄼᆞᆺ,1
3287,ᄼᆞᆼ,2
3288,ᄼᆞᇰ,2
3289,ᄼᆡ,14
3290,ᄼᆡᆼ,41
3291,ᄼᆡᇰ,14
3292,ᄼᆦ,1
3293,ᄽᅣᆼ,3
3294,ᄽᅳᇫ,4
3295,ᄽᅵᆫ,1
3296,ᄽᅵᆷ,1
3297,ᄽᅵᇫ,2
3298,ᄽᅵᇹ,1
3299,ᄽᆞ,1
3300,ᄾᅠ,6
3301,ᄾᅡ,6
3302,ᄾᅡᆫ,2
3303,ᄾᅡᆯ,3
3304,ᄾᅡᆷ,1
3305,ᄾᅡᇙ,1
3306,ᄾᅡᇹ,3
3307,ᄾᅢ,3
3308,ᄾᅣ,1
3309,ᄾᅣᆼ,3
3310,ᄾᅥ,8
3311,ᄾᅦ,1
3312,ᄾᅧ,42
3313,ᄾᅧᆫ,1
3314,ᄾᅧᆷ,4
3315,ᄾᅧᆼ,4
3316,ᄾᅧᇢ,5
3317,ᄾᅨ,4
3318,ᄾᅮ,15
3319,ᄾᅱ,1
3320,ᄾᅲ,4
3321,ᄾᅲᆫ,2
3322,ᄾᅲᇹ,6
3323,ᄾᅳ,4
3324,ᄾᅳᇫ,6
3325,ᄾᅳᇹ,1
3326,ᄾᅴᆼ,1
3327,ᄾᅴᇹ,1
3328,ᄾᅵ,10
3329,ᄾᅵᆫ,12
3330,ᄾᅵᆷ,1
3331,ᄾᅵᇢ,4
3332,ᄾᅵᇫ,33
3333,ᄾᅵᇹ,6
3334,ᄾᆞ,6
3335,ᄾᆞᆷ,1
3336,ᄿᅣᆼ,15
3337,ᄿᅥ,1
3338,ᄿᅧ,4
3339,ᄿᅧᆫ,7
3340,ᄿᅧᇹ,1
3341,ᄿᅱ,2
3342,ᄿᅳᆷ,1
3343,ᄿᅳᇫ,1
3344,ᄿᅵᆷ,6
3345,ᄿᅵᆼ,1
3346,ᄿᅵᇢ,16
3347,ᄿᅵᇫ,85
3348,ᄿᅵᇹ,5
3349,ᄿᆞ,1
3350,ᄿᆡ,1
3351,ᅀ,1
3352,ᅀᅠ,15
3353,ᅀᅠᆼ,1
3354,ᅀᅡ,3055
3355,ᅀᅡᆨ,15
3356,ᅀᅡᆫ,31
3357,ᅀᅡᆷ,19
3358,ᅀᅡᆺ,3
3359,ᅀᅡᆼ,1
3360,ᅀᅡᇙ,4
3361,ᅀᅡᇝ,6
3362,ᅀᅡᇢ,1
3363,ᅀᅡᇦ,2
3364,ᅀᅡᇫ,2
3365,ᅀᅡᇰ,3
3366,ᅀᅢ,174
3367,ᅀᅢᆫ,1
3368,ᅀᅢᆺ,16
3369,ᅀᅢᆼ,1
3370,ᅀᅢᇫ,3
3371,ᅀᅣ,83
3372,ᅀᅣᆨ,170
3373,ᅀᅣᆫ,1
3374,ᅀᅣᆼ,331
3375,ᅀᅣᇢ,12
3376,ᅀᅣᇦ,40
3377,ᅀᅣᇫ,6
3378,ᅀᅣᇰ,61
3379,ᅀᅤ,2
3380,ᅀᅥ,847
3381,ᅀᅥᆨ,25
3382,ᅀᅥᆫ,21
3383,ᅀᅥᆯ,5
3384,ᅀᅥᆷ,548
3385,ᅀᅥᆸ,9
3386,ᅀᅥᆺ,4
3387,ᅀᅥᆼ,24
3388,ᅀᅥᇝ,45
3389,ᅀᅥᇰ,7
3390,ᅀᅦ,7
3391,ᅀᅦᆺ,11
3392,ᅀᅧ,190
3393,ᅀᅧᆨ,3
3394,ᅀᅧᆫ,1051
3395,ᅀᅧᆯ,48
3396,ᅀᅧᆷ,182
3397,ᅀᅧᆸ,1
3398,ᅀᅧᆼ,2197
3399,ᅀᅧᇙ,37
3400,ᅀᅧᇝ,1
3401,ᅀᅧᇢ,1
3402,ᅀᅧᇫ,5
3403,ᅀᅧᇰ,7
3404,ᅀᅧᇹ,17
3405,ᅀᅨ,33
3406,ᅀᅨᆫ,19
3407,ᅀᅨᆼ,2
3408,ᅀᅩ,321
3409,ᅀᅩᆨ,9
3410,ᅀᅩᆫ,38
3411,ᅀᅩᆯ,6
3412,ᅀᅩᆷ,23
3413,ᅀᅩᆸ,3
3414,ᅀᅩᇙ,3
3415,ᅀᅩᇫ,4
3416,ᅀᅪ,4
3417,ᅀᅪᆫ,2
3418,ᅀᅪᆯ,16
3419,ᅀᅪᆼ,1
3420,ᅀᅪᇫ,46
3421,ᅀᅬ,3
3422,ᅀᅬᆼ,1
3423,ᅀᅭ,110
3424,ᅀᅭᆨ,83
3425,ᅀᅭᆷ,3
3426,ᅀᅭᆺ,1
3427,ᅀᅭᆼ,5
3428,ᅀᅭᇢ,148
3429,ᅀᅭᇫ,4
3430,ᅀᅮ,211
3431,ᅀᅮᆨ,1
3432,ᅀᅮᆫ,39
3433,ᅀᅮᆯ,8
3434,ᅀᅮᆷ,49
3435,ᅀᅮᆺ,2
3436,ᅀᅮᆼ,22
3437,ᅀᅮᇙ,2
3438,ᅀᅮᇝ,3
3439,ᅀᅮᇹ,59
3440,ᅀᅯ,1
3441,ᅀᅯᆫ,29
3442,ᅀᅯᆯ,6
3443,ᅀᅯᆷ,1
3444,ᅀᅯᇙ,1
3445,ᅀᅱ,57
3446,ᅀᅱᆫ,1
3447,ᅀᅲ,245
3448,ᅀᅲᆨ,85
3449,ᅀᅲᆫ,91
3450,ᅀᅲᆮ,1
3451,ᅀᅲᆷ,1
3452,ᅀᅲᆺ,4
3453,ᅀᅲᆼ,49
3454,ᅀᅲᇢ,38
3455,ᅀᅲᇫ,1
3456,ᅀᅲᇹ,2
3457,ᅀᅳ,651
3458,ᅀᅳᆨ,87
3459,ᅀᅳᆫ,60
3460,ᅀᅳᆯ,105
3461,ᅀᅳᆳ,1
3462,ᅀᅳᆷ,53
3463,ᅀᅳᆸ,2
3464,ᅀᅳᇙ,8
3465,ᅀᅳᇫ,289
3466,ᅀᅳᇰ,1
3467,ᅀᅴ,154
3468,ᅀᅴᆨ,1
3469,ᅀᅴᆼ,2
3470,ᅀᅵ,1783
3471,ᅀᅵᆨ,5
3472,ᅀᅵᆫ,4400
3473,ᅀᅵᆮ,2
3474,ᅀᅵᆯ,64
3475,ᅀᅵᆳ,1
3476,ᅀᅵᆶ,4
3477,ᅀᅵᆷ,96
3478,ᅀᅵᆸ,190
3479,ᅀᅵᆺ,19
3480,ᅀᅵᆼ,1723
3481,ᅀᅵᇙ,371
3482,ᅀᅵᇝ,2
3483,ᅀᅵᇢ,4
3484,ᅀᅵᇫ,228
3485,ᅀᅵᇰ,14
3486,ᅀᅵᇹ,120
3487,ᅀᅶ,1
3488,ᅀᅸ,11
3489,ᅀᆆᆼ,1
3490,ᅀᆆᇙ,1
3491,ᅀᆑ,1
3492,ᅀᆑᆫ,38
3493,ᅀᆑᇙ,3
3494,ᅀᆒᆼ,1
3495,ᅀᆔ,4
3496,ᅀᆔᆼ,2
3497,ᅀᆕ,1
3498,ᅀᆛ,11
3499,ᅀᆛᆼ,2
3500,ᅀᆜᆼ,7
3501,ᅀᆜᇰ,1
3502,ᅀᆞ,5671
3503,ᅀᆞᆫ,90
3504,ᅀᆞᆮ,2
3505,ᅀᆞᆯ,697
3506,ᅀᆞᆰ,1
3507,ᅀᆞᆳ,47
3508,ᅀᆞᆷ,953
3509,ᅀᆞᆸ,1079
3510,ᅀᆞᆺ,6
3511,ᅀᆞᆼ,2
3512,ᅀᆞᇝ,115
3513,ᅀᆞᇰ,1
3514,ᅀᆡ,53
3515,ᅀᆡᆨ,3
3516,ᅀᆡᆫ,5
3517,ᅀᆡᆯ,1
3518,ᅀᆡᆷ,1
3519,ᅀᆡᆺ,2
3520,ᅀᆡᆼ,3
3521,ᅀᆡᇰ,3
3522,ᅀힹ,1
3523,ᅀힺ,1
3524,ᅀힼᆼ,1
3525,ᅁᅠ,1
3526,ᅁᅡ,99
3527,ᅁᅡᆫ,8
3528,ᅁᅧᆼ,1
3529,ᅁᅨ,36
3530,ᅁᅨᆫ,15
3531,ᅁᅩ,93
3532,ᅁᅩᆫ,2
3533,ᅁᅪ,15
3534,ᅁᅪᆫ,2
3535,ᅁᅭ,14
3536,ᅁᅮ,63
3537,ᅁᅮᆫ,3
3538,ᅁᅲ,3
3539,ᅁᅵ,64
3540,ᅁᅵᆫ,10
3541,ᅂᅠ,1
3542,ᅃᅠ,1
3543,ᅃᅮ,10
3544,ᅄᅠ,4
3545,ᅄᅡ,1
3546,ᅄᆡ,1
3547,ᅇᅡ,1
3548,ᅇᅡᆫ,1
3549,ᅇᅥ,1
3550,ᅇᅧ,11
3551,ᅇᅧᆯ,1
3552,ᅇᅨᆺ,2
3553,ᅇᅭ,12
3554,ᅇᅭᆫ,4
3555,ᅇᅭᆷ,1
3556,ᅇᅮ,4
3557,ᅇᅮᆨ,1
3558,ᅇᅯ,1
3559,ᅇᅱ,1
3560,ᅇᅲ,5
3561,ᅇᅲᆫ,4
3562,ᅇᅳᆯ,1
3563,ᅇᅴ,1
3564,ᅇᅵ,9
3565,ᅇᅵᆫ,1
3566,ᅈᅵ,1
3567,ᅋᅠ,1
3568,ᅌᅠ,16
3569,ᅌᅡ,1068
3570,ᅌᅡᆨ,155
3571,ᅌᅡᆫ,627
3572,ᅌᅡᆬ,1
3573,ᅌᅡᆭ,7
3574,ᅌᅡᆯ,138
3575,ᅌᅡᆲ,4
3576,ᅌᅡᆷ,44
3577,ᅌᅡᆸ,29
3578,ᅌᅡᆺ,23
3579,ᅌᅡᆼ,530
3580,ᅌᅡᇢ,12
3581,ᅌᅡᇰ,37
3582,ᅌᅡퟛ,3
3583,ᅌᅢ,71
3584,ᅌᅢᆨ,1
3585,ᅌᅢᆺ,2
3586,ᅌᅢᆼ,94
3587,ᅌᅣ,474
3588,ᅌᅣᆨ,79
3589,ᅌᅣᆫ,8
3590,ᅌᅣᆷ,1
3591,ᅌᅣᆺ,9
3592,ᅌᅣᆼ,101
3593,ᅌᅣᇢ,12
3594,ᅌᅣᇰ,25
3595,ᅌᅤ,3
3596,ᅌᅤᆺ,4
3597,ᅌᅥ,945
3598,ᅌᅥᆨ,14
3599,ᅌᅥᆫ,238
3600,ᅌᅥᆮ,1
3601,ᅌᅥᆯ,45
3602,ᅌᅥᆰ,3
3603,ᅌᅥᆷ,755
3604,ᅌᅥᆸ,1156
3605,ᅌᅥᆹ,6
3606,ᅌᅥᆺ,349
3607,ᅌᅥᆻ,1
3608,ᅌᅥᆼ,201
3609,ᅌᅥᇙ,6
3610,ᅌᅥᇰ,5
3611,ᅌᅦ,1131
3612,ᅌᅦᆫ,25
3613,ᅌᅦᆺ,21
3614,ᅌᅧ,854
3615,ᅌᅧᆨ,81
3616,ᅌᅧᆫ,339
3617,ᅌᅧᆯ,53
3618,ᅌᅧᆷ,22
3619,ᅌᅧᆸ,31
3620,ᅌᅧᆺ,117
3621,ᅌᅧᆻ,2
3622,ᅌᅧᆼ,90
3623,ᅌᅧᇙ,1
3624,ᅌᅧᇰ,15
3625,ᅌᅧᇹ,1
3626,ᅌᅨ,95
3627,ᅌᅨᆺ,6
3628,ᅌᅩ,659
3629,ᅌᅩᆨ,490
3630,ᅌᅩᆫ,96
3631,ᅌᅩᆮ,1
3632,ᅌᅩᆯ,78
3633,ᅌᅩᆳ,1
3634,ᅌᅩᆷ,25
3635,ᅌᅩᆸ,27
3636,ᅌᅩᆺ,19
3637,ᅌᅩᆼ,1301
3638,ᅌᅩᇙ,20
3639,ᅌᅩᇢ,28
3640,ᅌᅩᇰ,9
3641,ᅌᅪ,336
3642,ᅌᅪᆨ,1
3643,ᅌᅪᆫ,95
3644,ᅌᅪᆯ,304
3645,ᅌᅪᆺ,25
3646,ᅌᅪᆻ,3
3647,ᅌᅪᆼ,175
3648,ᅌᅪᇰ,2466
3649,ᅌᅫ,33
3650,ᅌᅬ,111
3651,ᅌᅬᆫ,9
3652,ᅌᅬᆯ,1
3653,ᅌᅬᆼ,334
3654,ᅌᅬᇙ,1
3655,ᅌᅬᇰ,8
3656,ᅌᅭ,100
3657,ᅌᅭᆨ,29
3658,ᅌᅭᆷ,1
3659,ᅌᅭᆼ,66
3660,ᅌᅭᇢ,41
3661,ᅌᅭᇰ,8
3662,ᅌᅮ,384
3663,ᅌᅮᆨ,11
3664,ᅌᅮᆫ,375
3665,ᅌᅮᆯ,53
3666,ᅌᅮᆷ,14
3667,ᅌᅮᆺ,30
3668,ᅌᅮᆼ,180
3669,ᅌᅮᇢ,963
3670,ᅌᅮᇰ,6
3671,ᅌᅮᇹ,1
3672,ᅌᅯ,26
3673,ᅌᅯᆫ,2689
3674,ᅌᅯᆯ,85
3675,ᅌᅯᆶ,2
3676,ᅌᅯᆷ,1
3677,ᅌᅯᆼ,1
3678,ᅌᅯᇙ,346
3679,ᅌᅯᇰ,7
3680,ᅌᅯᇱ,1
3681,ᅌᅰ,3
3682,ᅌᅱ,240
3683,ᅌᅱᆫ,17
3684,ᅌᅱᆯ,1
3685,ᅌᅱᆺ,2
3686,ᅌᅱᆼ,522
3687,ᅌᅱᇰ,2
3688,ᅌᅲ,320
3689,ᅌᅲᆨ,6
3690,ᅌᅲᆫ,62
3691,ᅌᅲᆼ,1
3692,ᅌᅲᇢ,14
3693,ᅌᅲᇹ,12
3694,ᅌᅳ,314
3695,ᅌᅳᆨ,23
3696,ᅌᅳᆫ,389
3697,ᅌᅳᆯ,1322
3698,ᅌᅳᆳ,1
3699,ᅌᅳᆷ,76
3700,ᅌᅳᆸ,24
3701,ᅌᅳᆺ,5
3702,ᅌᅳᆼ,26
3703,ᅌᅳᇙ,1
3704,ᅌᅳᇢ,5
3705,ᅌᅳᇰ,26
3706,ᅌᅴ,2144
3707,ᅌᅴᆫ,2
3708,ᅌᅴᆼ,1355
3709,ᅌᅴᇰ,2
3710,ᅌᅴᇹ,1
3711,ᅌᅵ,5447
3712,ᅌᅵᆨ,23
3713,ᅌᅵᆫ,646
3714,ᅌᅵᆯ,818
3715,ᅌᅵᆶ,1
3716,ᅌᅵᆷ,109
3717,ᅌᅵᆸ,47
3718,ᅌᅵᆺ,1114
3719,ᅌᅵᆻ,10
3720,ᅌᅵᆼ,49
3721,ᅌᅵᇙ,2
3722,ᅌᅵᇢ,6
3723,ᅌᅵᇰ,1
3724,ᅌᅵᇹ,1
3725,ᅌᅶ,10
3726,ᅌᅸ,3
3727,ᅌᅿᆫ,1
3728,ᅌᅿᇙ,1
3729,ᅌᆏᇰ,4
3730,ᅌᆏᇹ,1
3731,ᅌᆑ,7
3732,ᅌᆑᆫ,40
3733,ᅌᆑᆼ,6
3734,ᅌᆑᇰ,150
3735,ᅌᆑᇹ,244
3736,ᅌᆔᇰ,1
3737,ᅌᆕ,3
3738,ᅌᆜᆼ,1
3739,ᅌᆜᇹ,3
3740,ᅌᆞ,162
3741,ᅌᆞᆫ,26
3742,ᅌᆞᆯ,22
3743,ᅌᆞᆷ,3
3744,ᅌᆞᆸ,3
3745,ᅌᆞᇰ,1
3746,ᅌᆠᇢ,1
3747,ᅌᆡ,111
3748,ᅌᆡᆨ,22
3749,ᅌᆡᆼ,9
3750,ᅌᆦ,1
3751,ᅌᆦᇰ,2
3752,ᅌힵᆫ,6
3753,ᅌힵᇰ,2
3754,ᅌힸᇹ,1
3755,ᅌힹᆫ,1
3756,ᅌힹᆯ,1
3757,ᅌힹᆼ,2
3758,ᅌힹᇰ,8
3759,ᅌힺᆫ,4
3760,ᅌퟄ,2
3761,ᅍᅠ,2
3762,ᅎᅠ,6
3763,ᅎᅡ,3
3764,ᅎᅡᆨ,1
3765,ᅎᅡᆫ,2
3766,ᅎᅡᆯ,1
3767,ᅎᅡᆷ,2
3768,ᅎᅡᆸ,1
3769,ᅎᅡᆺ,1
3770,ᅎᅡᆼ,12
3771,ᅎᅡᇢ,2
3772,ᅎᅡᇦ,1
3773,ᅎᅢ,6
3774,ᅎᅣ,18
3775,ᅎᅣᆼ,26
3776,ᅎᅣᇢ,1
3777,ᅎᅣᇦ,1
3778,ᅎᅣᇰ,1
3779,ᅎᅥ,1
3780,ᅎᅦ,2
3781,ᅎᅧ,6
3782,ᅎᅧᆯ,2
3783,ᅎᅧᆷ,1
3784,ᅎᅧᆺ,1
3785,ᅎᅧᆼ,3
3786,ᅎᅧᇰ,1
3787,ᅎᅧᇹ,1
3788,ᅎᅨ,5
3789,ᅎᅩ,5
3790,ᅎᅩᆫ,2
3791,ᅎᅩᆺ,3
3792,ᅎᅪᆼ,1
3793,ᅎᅬ,1
3794,ᅎᅭ,1
3795,ᅎᅭᆯ,1
3796,ᅎᅮ,7
3797,ᅎᅮᆯ,1
3798,ᅎᅮᆼ,1
3799,ᅎᅮᇫ,2
3800,ᅎᅲ,14
3801,ᅎᅲᆨ,6
3802,ᅎᅲᆼ,3
3803,ᅎᅲᇰ,4
3804,ᅎᅳ,8
3805,ᅎᅳᆨ,4
3806,ᅎᅳᆷ,1
3807,ᅎᅳᇢ,1
3808,ᅎᅳᇫ,13
3809,ᅎᅵ,126
3810,ᅎᅵᆨ,6
3811,ᅎᅵᆫ,18
3812,ᅎᅵᆯ,2
3813,ᅎᅵᆷ,2
3814,ᅎᅵᆸ,11
3815,ᅎᅵᆺ,3
3816,ᅎᅵᆼ,5
3817,ᅎᅵᇢ,4
3818,ᅎᅵᇫ,1
3819,ᅎᅵᇹ,1
3820,ᅎᆞ,105
3821,ᅎᆞᆫ,3
3822,ᅎᆞᆯ,1
3823,ᅎᆞᆷ,7
3824,ᅎᆞᇰ,1
3825,ᅎᆡ,24
3826,ᅎᆡᇰ,1
3827,ᅏᅠ,2
3828,ᅏᅡᆼ,1
3829,ᅏᅡᇢ,8
3830,ᅏᅡᇦ,2
3831,ᅏᅡᇰ,1
3832,ᅏᅢ,11
3833,ᅏᅣᆼ,2
3834,ᅏᅣᇢ,1
3835,ᅏᅣᇦ,1
3836,ᅏᅧ,1
3837,ᅏᅧᆫ,24
3838,ᅏᅧᆷ,1
3839,ᅏᅧᇢ,1
3840,ᅏᅨ,18
3841,ᅏᅬ,1
3842,ᅏᅯ,1
3843,ᅏᅳᇫ,2
3844,ᅏᅵ,1
3845,ᅏᅵᆫ,5
3846,ᅏᅵᆼ,3
3847,ᅏᅵᇢ,5
3848,ᅏᅵᇫ,1
3849,ᅏᅵᇹ,1
3850,ᅏᅿ,1
3851,ᅐᅠ,2
3852,ᅐᅡ,2
3853,ᅐᅡᆼ,2
3854,ᅐᅢ,4
3855,ᅐᅣᆼ,6
3856,ᅐᅣᇦ,1
3857,ᅐᅣᇰ,1
3858,ᅐᅥ,13
3859,ᅐᅦ,2
3860,ᅐᅧ,111
3861,ᅐᅧᆫ,7
3862,ᅐᅧᆷ,1
3863,ᅐᅧᆺ,1
3864,ᅐᅧᆼ,1
3865,ᅐᅧᇰ,1
3866,ᅐᅧᇹ,1
3867,ᅐᅨ,3
3868,ᅐᅮᆨ,1
3869,ᅐᅱ,1
3870,ᅐᅲ,6
3871,ᅐᅲᆼ,4
3872,ᅐᅲᇰ,1
3873,ᅐᅳ,1
3874,ᅐᅳᆫ,1
3875,ᅐᅳᇫ,1
3876,ᅐᅵ,6
3877,ᅐᅵᆫ,2
3878,ᅐᅵᆷ,1
3879,ᅐᅵᆼ,4
3880,ᅐᅵᇢ,6
3881,ᅐᅵᇫ,158
3882,ᅐᆞᆼ,1
3883,ᅐᆡ,1
3884,ᅑᅠ,1
3885,ᅑᅡ,6
3886,ᅑᅡᆷ,1
3887,ᅑᅡᆼ,1
3888,ᅑᅣᆼ,8
3889,ᅑᅣᇦ,6
3890,ᅑᅥᆫ,1
3891,ᅑᅧᆫ,2
3892,ᅑᅨ,1
3893,ᅑᅲ,1
3894,ᅑᅳᇫ,1
3895,ᅑᅵᆷ,1
3896,ᅑᅵᆼ,4
3897,ᅑᅵᇫ,1
3898,ᅑᅵᇰ,3
3899,ᅔᅠ,2
3900,ᅔᅡ,2
3901,ᅔᅡᆯ,1
3902,ᅔᅡᆼ,5
3903,ᅔᅡᇢ,44
3904,ᅔᅡᇦ,3
3905,ᅔᅢ,20
3906,ᅔᅣ,2
3907,ᅔᅣᆼ,4
3908,ᅔᅣᇢ,2
3909,ᅔᅣᇦ,2
3910,ᅔᅥᆨ,1
3911,ᅔᅥᆸ,1
3912,ᅔᅧ,3
3913,ᅔᅧᆫ,6
3914,ᅔᅧᆸ,5
3915,ᅔᅧᆼ,2
3916,ᅔᅩ,12
3917,ᅔᅫ,1
3918,ᅔᅬ,2
3919,ᅔᅮ,2
3920,ᅔᅱ,1
3921,ᅔᅲ,1
3922,ᅔᅳᆼ,2
3923,ᅔᅳᇫ,1
3924,ᅔᅵ,16
3925,ᅔᅵᆨ,1
3926,ᅔᅵᆫ,2
3927,ᅔᅵᆯ,2
3928,ᅔᅵᆷ,1
3929,ᅔᅵᆼ,23
3930,ᅔᅵᇢ,13
3931,ᅔᅵᇹ,1
3932,ᅔᅶ,17
3933,ᅔᆔ,4
3934,ᅔᆛ,2
3935,ᅔᆞ,19
3936,ᅔᆞᆷ,5
3937,ᅔᆞᆼ,1
3938,ᅔᆡ,13
3939,ᅔᆡᆨ,6
3940,ᅕᅠ,2
3941,ᅕᅡ,6
3942,ᅕᅡᆫ,1
3943,ᅕᅣᇦ,1
3944,ᅕᅥ,1
3945,ᅕᅥᆫ,2
3946,ᅕᅧ,8
3947,ᅕᅧᆫ,21
3948,ᅕᅧᆷ,3
3949,ᅕᅧᆼ,2
3950,ᅕᅮ,1
3951,ᅕᅮᇰ,4
3952,ᅕᅲ,3
3953,ᅕᅲᆼ,2
3954,ᅕᅳᆷ,20
3955,ᅕᅵ,3
3956,ᅕᅵᆯ,1
3957,ᅕᅵᆼ,1
3958,ᅕᆔ,8
3959,ᅕᆞ,1
3960,ᅗᅠ,3
3961,ᅘᅠ,4
3962,ᅘᅡ,17
3963,ᅘᅡᆨ,219
3964,ᅘᅡᆫ,164
3965,ᅘᅡᆷ,130
3966,ᅘᅡᆸ,429
3967,ᅘᅡᆼ,988
3968,ᅘᅡᇂ,3
3969,ᅘᅡᇙ,9
3970,ᅘᅡᇢ,20
3971,ᅘᅡᇦ,5
3972,ᅘᅡᇰ,219
3973,ᅘᅡᇹ,6
3974,ᅘᅢ,49
3975,ᅘᅢᆼ,512
3976,ᅘᅢᇰ,3
3977,ᅘᅢᇹ,1
3978,ᅘᅣ,177
3979,ᅘᅣᆨ,2
3980,ᅘᅣᆫ,3
3981,ᅘᅣᆷ,3
3982,ᅘᅣᆼ,13
3983,ᅘᅣᇢ,12
3984,ᅘᅣᇦ,39
3985,ᅘᅣᇰ,4
3986,ᅘᅣᇹ,11
3987,ᅘᅤ,3
3988,ᅘᅤᆼ,10
3989,ᅘᅥ,90
3990,ᅘᅥᆫ,20
3991,ᅘᅥᆷ,1
3992,ᅘᅥᇢ,2
3993,ᅘᅥᇰ,5
3994,ᅘᅥᇹ,30
3995,ᅘᅦ,2
3996,ᅘᅧ,439
3997,ᅘᅧᆫ,1366
3998,ᅘᅧᆯ,9
3999,ᅘᅧᆷ,12
4000,ᅘᅧᆼ,9
4001,ᅘᅧᇙ,1
4002,ᅘᅧᇰ,117
4003,ᅘᅧᇹ,2
4004,ᅘᅨ,26
4005,ᅘᅨᆼ,9
4006,ᅘᅩ,32
4007,ᅘᅩᆨ,10
4008,ᅘᅩᆫ,22
4009,ᅘᅩᆷ,3
4010,ᅘᅩᆼ,449
4011,ᅘᅩᇙ,3
4012,ᅘᅩᇢ,262
4013,ᅘᅩᇰ,26
4014,ᅘᅪ,73
4015,ᅘᅪᆨ,7
4016,ᅘᅪᆫ,823
4017,ᅘᅪᆯ,1
4018,ᅘᅪᆶ,1
4019,ᅘᅪᆸ,1
4020,ᅘᅪᆼ,1615
4021,ᅘᅪᇙ,12
4022,ᅘᅪᇰ,175
4023,ᅘᅪᇹ,8
4024,ᅘᅫ,25
4025,ᅘᅫᆼ,115
4026,ᅘᅬ,10
4027,ᅘᅬᆨ,627
4028,ᅘᅬᆫ,12
4029,ᅘᅬᆼ,427
4030,ᅘᅬᇰ,79
4031,ᅘᅭᆨ,1
4032,ᅘᅭᇢ,22
4033,ᅘᅮ,163
4034,ᅘᅮᆫ,14
4035,ᅘᅮᆷ,13
4036,ᅘᅮᆼ,164
4037,ᅘᅮᇢ,1732
4038,ᅘᅮᇰ,27
4039,ᅘᅮᇹ,11
4040,ᅘᅯ,19
4041,ᅘᅯᆫ,25
4042,ᅘᅯᇹ,16
4043,ᅘᅰᆼ,4
4044,ᅘᅰᇰ,4
4045,ᅘᅱ,98
4046,ᅘᅱᆫ,7
4047,ᅘᅱᆼ,2
4048,ᅘᅱᇹ,13
4049,ᅘᅲ,1
4050,ᅘᅲᆼ,4
4051,ᅘᅲᇢ,17
4052,ᅘᅳ,2
4053,ᅘᅳᆫ,21
4054,ᅘᅳᆼ,13
4055,ᅘᅳᇢ,128
4056,ᅘᅳᇦ,1
4057,ᅘᅳᇰ,199
4058,ᅘᅳᇹ,3
4059,ᅘᅴ,2
4060,ᅘᅴᆨ,5
4061,ᅘᅴᆫ,3
4062,ᅘᅴᆼ,7
4063,ᅘᅴᇂ,1
4064,ᅘᅴᇰ,6
4065,ᅘᅴᇹ,2
4066,ᅘᅵ,11
4067,ᅘᅵᆨ,1
4068,ᅘᅵᆫ,15
4069,ᅘᅵᆷ,1
4070,ᅘᅵᆸ,2
4071,ᅘᅵᆼ,104
4072,ᅘᅵᇂ,2
4073,ᅘᅵᇙ,1
4074,ᅘᅵᇰ,62
4075,ᅘᅵᇹ,9
4076,ᅘᅻ,4
4077,ᅘᅿᆨ,1
4078,ᅘᅿᆼ,2
4079,ᅘᆁᆼ,1
4080,ᅘᆆᆼ,1
4081,ᅘᆈ,1
4082,ᅘᆈᆼ,1
4083,ᅘᆌᆼ,10
4084,ᅘᆌᇰ,5
4085,ᅘᆏᆫ,2
4086,ᅘᆐᆼ,51
4087,ᅘᆑᆫ,62
4088,ᅘᆑᆼ,13
4089,ᅘᆑᇙ,27
4090,ᅘᆑᇰ,2
4091,ᅘᆒ,1
4092,ᅘᆒᆼ,993
4093,ᅘᆒᇰ,7
4094,ᅘᆔᆼ,2
4095,ᅘᆔᇰ,1
4096,ᅘᆕ,3
4097,ᅘᆖᆼ,1
4098,ᅘᆚᆨ,1
4099,ᅘᆞ,1
4100,ᅘᆞᆷ,1
4101,ᅘᆞᆼ,1
4102,ᅘᆞᇰ,1
4103,ᅘᆟᇰ,4
4104,ᅘᆡ,1
4105,ᅘᆡᆨ,1
4106,ᅘᆡᆼ,63
4107,ᅘᆡᇰ,2247
4108,ᅘᆡᇹ,1
4109,ᅘᆣᆼ,1
4110,ᅘᆣᇰ,1
4111,ᅘᆦᆫ,1
4112,ᅘᆦᆼ,5
4113,ᅘᆧᆼ,1
4114,ᅘힰᆨ,1
4115,ᅘힶᇂ,2
4116,ᅘힷᆼ,6
4117,ᅘힹᆫ,1
4118,ᅘힹᆼ,1
4119,ᅘퟄᆼ,1
4120,ᅘퟅᆼ,3
4121,ᅘퟅᇰ,5
4122,ᅘퟅᇹ,1
4123,ᅙᅠ,93
4124,ᅙᅡ,76
4125,ᅙᅡᆨ,463
4126,ᅙᅡᆫ,736
4127,ᅙᅡᆲ,1
4128,ᅙᅡᆶ,3
4129,ᅙᅡᆷ,93
4130,ᅙᅡᆼ,1568
4131,ᅙᅡᇙ,265
4132,ᅙᅡᇢ,11
4133,ᅙᅡᇦ,6
4134,ᅙᅡᇰ,5
4135,ᅙᅢ,28
4136,ᅙᅢᇙ,1
4137,ᅙᅣ,25
4138,ᅙᅣᆨ,37
4139,ᅙᅣᆫ,3
4140,ᅙᅣᆷ,1
4141,ᅙᅣᆼ,19
4142,ᅙᅣᇢ,29
4143,ᅙᅣᇦ,6
4144,ᅙᅣᇰ,53
4145,ᅙᅣᇹ,28
4146,ᅙᅤ,3
4147,ᅙᅥ,10
4148,ᅙᅥᆨ,5
4149,ᅙᅥᆫ,21
4150,ᅙᅥᆷ,4
4151,ᅙᅥᆸ,2
4152,ᅙᅥᆼ,51
4153,ᅙᅥᇙ,1
4154,ᅙᅥᇢ,2
4155,ᅙᅥᇹ,6
4156,ᅙᅦ,3
4157,ᅙᅦᆺ,1
4158,ᅙᅦᇙ,1
4159,ᅙᅧᆨ,235
4160,ᅙᅧᆫ,70
4161,ᅙᅧᆯ,2
4162,ᅙᅧᆷ,24
4163,ᅙᅧᆼ,3
4164,ᅙᅧᇢ,59
4165,ᅙᅧᇰ,163
4166,ᅙᅧᇹ,3
4167,ᅙᅨ,5
4168,ᅙᅨᆼ,10
4169,ᅙᅩ,11
4170,ᅙᅩᆨ,34
4171,ᅙᅩᆫ,16
4172,ᅙᅩᆷ,12
4173,ᅙᅩᆸ,2
4174,ᅙᅩᆼ,45
4175,ᅙᅩᇙ,4
4176,ᅙᅩᇢ,4
4177,ᅙᅩᇰ,42
4178,ᅙᅪ,23
4179,ᅙᅪᆫ,31
4180,ᅙᅪᆯ,1
4181,ᅙᅪᆼ,9
4182,ᅙᅪᇰ,1
4183,ᅙᅪᇹ,6
4184,ᅙᅫ,1
4185,ᅙᅬ,6
4186,ᅙᅬᆨ,2
4187,ᅙᅬᆼ,26
4188,ᅙᅬᇰ,1
4189,ᅙᅭ,1
4190,ᅙᅭᇢ,160
4191,ᅙᅮ,47
4192,ᅙᅮᆨ,2
4193,ᅙᅮᆫ,104
4194,ᅙᅮᆯ,1
4195,ᅙᅮᆶ,1
4196,ᅙᅮᆷ,1
4197,ᅙᅮᆼ,105
4198,ᅙᅮᇙ,25
4199,ᅙᅮᇢ,348
4200,ᅙᅮᇰ,3
4201,ᅙᅮᇹ,6
4202,ᅙᅯ,28
4203,ᅙᅯᆫ,196
4204,ᅙᅱ,41
4205,ᅙᅱᆫ,2
4206,ᅙᅱᆼ,373
4207,ᅙᅱᇰ,1
4208,ᅙᅲ,105
4209,ᅙᅲᆼ,3
4210,ᅙᅲᇢ,17
4211,ᅙᅲᇹ,8
4212,ᅙᅳ,3
4213,ᅙᅳᆨ,685
4214,ᅙᅳᆫ,59
4215,ᅙᅳᆮ,1
4216,ᅙᅳᆯ,8
4217,ᅙᅳᆷ,1139
4218,ᅙᅳᆸ,35
4219,ᅙᅳᆼ,16
4220,ᅙᅳᇢ,26
4221,ᅙᅳᇰ,446
4222,ᅙᅳᇹ,1
4223,ᅙᅴ,16
4224,ᅙᅴᆫ,32
4225,ᅙᅴᆯ,1
4226,ᅙᅴᆺ,1
4227,ᅙᅴᆼ,847
4228,ᅙᅴᇙ,13
4229,ᅙᅴᇰ,3
4230,ᅙᅴᇹ,4
4231,ᅙᅵ,123
4232,ᅙᅵᆨ,5
4233,ᅙᅵᆫ,2169
4234,ᅙᅵᆯ,40
4235,ᅙᅵᆶ,16
4236,ᅙᅵᆷ,11
4237,ᅙᅵᆼ,131
4238,ᅙᅵᇙ,3742
4239,ᅙᅵᇢ,24
4240,ᅙᅵᇰ,3
4241,ᅙᅵᇹ,216
4242,ᅙᅵퟛ,1
4243,ᅙᅸ,1
4244,ᅙᅿ,2
4245,ᅙᆆᆨ,1
4246,ᅙᆏᆨ,2
4247,ᅙᆑᆨ,24
4248,ᅙᆑᆫ,15
4249,ᅙᆒᆼ,12
4250,ᅙᆔ,1
4251,ᅙᆔᆼ,35
4252,ᅙᆕ,1
4253,ᅙᆜᆼ,22
4254,ᅙᆜᇰ,1
4255,ᅙᆞ,245
4256,ᅙᆞᆨ,2
4257,ᅙᆞᆫ,137
4258,ᅙᆞᆯ,13
4259,ᅙᆞᆷ,1
4260,ᅙᆞᆼ,1
4261,ᅙᆡ,12
4262,ᅙᆡᆨ,33
4263,ᅙᆡᆫ,1
4264,ᅙᆡᆺ,2
4265,ᅙᆡᆼ,324
4266,ᅙᆡᇰ,13
4267,ᅙᆦ,2
4268,ᅙힰ,1
4269,ᅙힹᆼ,1
4270,ᅙힹᇦ,1
4271,ᅙힺ,2
4272,ᅙퟄ,1
4273,ᅙퟅᆼ,2
4274,ᅚᅥ,1
4275,ᅚᅩ,1
4276,ᅚᆖ,1
4277,ᅛᅵᆯ,1
4278,ᅜᅳ,1
4279,ᅝᅡ,1
4280,ᅝᅳ,1
4281,ᅟᅡ,80
4282,ᅟᅡᆨ,3
4283,ᅟᅡᆫ,8
4284,ᅟᅡᆯ,6
4285,ᅟᅡᆷ,4
4286,ᅟᅡᆸ,2
4287,ᅟᅡᆺ,1
4288,ᅟᅡᆼ,3
4289,ᅟᅢ,9
4290,ᅟᅢᆯ,1
4291,ᅟᅢᆷ,1
4292,ᅟᅣ,14
4293,ᅟᅣᆨ,2
4294,ᅟᅣᆼ,1
4295,ᅟᅤᆫ,3
4296,ᅟᅤᇰ,1
4297,ᅟᅥ,17
4298,ᅟᅥᆫ,1
4299,ᅟᅥᆸ,1
4300,ᅟᅥᆺ,1
4301,ᅟᅦ,10
4302,ᅟᅧ,15
4303,ᅟᅧᆫ,2
4304,ᅟᅧᆯ,3
4305,ᅟᅧᆷ,1
4306,ᅟᅧᆼ,2
4307,ᅟᅨ,1
4308,ᅟᅩ,40
4309,ᅟᅩᆨ,2
4310,ᅟᅩᆫ,3
4311,ᅟᅩᆮ,1
4312,ᅟᅩᆯ,3
4313,ᅟᅩᆷ,1
4314,ᅟᅩᆸ,1
4315,ᅟᅩᆺ,2
4316,ᅟᅩᆼ,4
4317,ᅟᅪ,6
4318,ᅟᅫ,3
4319,ᅟᅬ,12
4320,ᅟᅭ,13
4321,ᅟᅮ,111
4322,ᅟᅮᆨ,3
4323,ᅟᅮᆫ,99
4324,ᅟᅮᆮ,4
4325,ᅟᅮᆯ,4
4326,ᅟᅮᆷ,1
4327,ᅟᅮᆸ,1
4328,ᅟᅮᆼ,2
4329,ᅟᅯ,3
4330,ᅟᅰ,4
4331,ᅟᅱ,6
4332,ᅟᅱᆨ,1
4333,ᅟᅱᆯ,1
4334,ᅟᅲ,10
4335,ᅟᅲᆨ,1
4336,ᅟᅲᆼ,2
4337,ᅟᅲᆽ,1
4338,ᅟᅳ,21
4339,ᅟᅳᆨ,1
4340,ᅟᅳᆫ,3
4341,ᅟᅳᆯ,6
4342,ᅟᅳᆷ,2
4343,ᅟᅳᆺ,2
4344,ᅟᅳᆼ,9
4345,ᅟᅴ,16
4346,ᅟᅴᆫ,1
4347,ᅟᅵ,72583
4348,ᅟᅵᆫ,833
4349,ᅟᅵᆮ,1
4350,ᅟᅵᆯ,246
4351,ᅟᅵᆷ,4
4352,ᅟᅵᆺ,4
4353,ᅟᅵᆼ,1
4354,ᅟᅵᆽ,1
4355,ᅟᆄᇫ,1
4356,ᅟᆈ,2
4357,ᅟᆈᆫ,1
4358,ᅟᆉ,1
4359,ᅟᆉᆫ,1
4360,ᅟᆍ,2
4361,ᅟᆑᆼ,1
4362,ᅟᆔᆯ,1
4363,ᅟᆙ,1
4364,ᅟᆝ,2
4365,ᅟᆞ,16
4366,ᅟᆞᆫ,4
4367,ᅟᆞᆮ,4
4368,ᅟᆞᆯ,5
4369,ᅟᆞᆼ,1
4370,ᅟᆡ,7
4371,ᅟힲ,1
4372,ᅟힸ,1
4373,ᅟힹᆨ,1
4374,ᅟퟄ,2
4375,ᅟퟅᆯ,1
4376,ㄱ,3
4377,ㄴ,4
4378,ㄴㆎ,1
4379,ㄷ,1
4380,ㄹ,3
4381,ㄹㆍ,1
4382,ㅁ,1
4383,ㅂ,1
4384,ㅅ,242
4385,ㅇ,3
4386,ㅈ,1
4387,ㅈㆍ,1
4388,ㅊㆍ,1
4389,ㅌ,1
4390,ㅎ,3
4391,ㅎㆍ,3
4392,ㅏ,20
4393,ㅓ,1
4394,ㅕ,3
4395,ㅚ,1
4396,ㅟ,1
4397,ㅡ,1
4398,ㅢ,1
4399,ㅣ,2793
4400,ꥢᅩ,2
4401,ꥢᅱ,1
4402,ꥢᅳᆺ,14
4403,ꥢᅵ,1
4404,ꥢᆡ,1
4405,ꥤᅠ,24
4406,ꥤᅡ,1
4407,ꥤᅩ,3
4408,ꥦᅳᆮ,1
4409,ꥩᅠ,2
4410,ꥩᅡᆺ,1
4411,ꥩᅮ,1
4412,ꥬᅠ,1
4413,ꥬᅦ,1
4414,ꥯᅡᆫ,1
4415,ꥯᆡᆺ,1
4416,ꥰᅦᆫ,1
4417,ꥰᅩᆷ,1
4418,ꥰᅵ,1
4419,ꥰᆞᆯ,1
4420,ꥱᅥ,14
4421,ꥱᅩ,1
4422,ꥱᅳᆯ,1
4423,ꥱᆞ,2
4424,ꥲᅵ,1
4425,ꥳᅬ,1
4426,ꥳᅳ,1
4427,ꥵᆞᆯ,1
4428,ꥶᅠ,4
4429,ꥶᅩ,1
4430,ꥶᅳ,5
4431,ꥹᅡᆫ,1
4432,ꥹᅨ,1
4433,ꥹᅳ,1
4434,ꥼᅡᇂ,1
4435,ꥼᆒᆼ,1
4436,가,189967
4437,각,32416
4438,간,35738
4439,갇,45
4440,갈,9430
4441,갉,4
4442,갊,10
4443,갋,9
4444,갌,11
4445,갏,1
4446,감,24353
4447,갑,7729
4448,값,36
4449,갓,18771
4450,갔,5
4451,강,20380
4452,갖,32
4453,갘,1
4454,같,95
4455,갚,1
4456,개,10388
4457,객,74
4458,갠,53
4459,갤,25
4460,갯,125
4461,갱,2569
4462,갸,532
4463,갹,46
4464,갼,29
4465,갿,2
4466,걀,8
4467,걈,4
4468,걋,31
4469,걍,100
4470,걔,153
4471,걘,3
4472,걧,10
4473,걩,18
4474,거,109906
4475,걱,231
4476,건,11228
4477,걷,152
4478,걸,3843
4479,검,4216
4480,겁,3688
4481,것,9076
4482,겅,317
4483,겉,1
4484,게,51496
4485,겐,29
4486,겔,3
4487,겝,1
4488,겟,570
4489,겠,56
4490,겡,10
4491,겨,14580
4492,격,6277
4493,겪,1
4494,견,10390
4495,겯,14
4496,결,10514
4497,겴,20
4498,겸,4038
4499,겹,378
4500,겻,2235
4501,겼,6
4502,경,53338
4503,겿,1
4504,곁,3
4505,계,34129
4506,곈,63
4507,곕,2
4508,곗,30
4509,곙,167
4510,고,397823
4511,곡,8336
4512,곤,5206
4513,곧,4095
4514,골,9082
4515,곪,3
4516,곫,12
4517,곬,14
4518,곯,1
4519,곰,9327
4520,곱,969
4521,곳,17479
4522,공,69275
4523,곶,13
4524,곷,1
4525,곺,1
4526,곻,1
4527,과,84007
4528,곽,1821
4529,관,29772
4530,괃,1
4531,괄,711
4532,괏,288
4533,광,15258
4534,괘,2371
4535,괜,3
4536,괫,1
4537,괭,71
4538,괴,14203
4539,괵,181
4540,괸,138
4541,괻,1
4542,괼,35
4543,굄,9
4544,굇,7
4545,굉,458
4546,교,24705
4547,굔,28
4548,굗,2
4549,굘,38
4550,굠,70
4551,굣,15
4552,굥,12
4553,구,53280
4554,국,23309
4555,군,41370
4556,굱,1
4557,굳,86
4558,굴,2888
4559,굵,101
4560,굶,3
4561,굷,1
4562,굸,12
4563,굼,781
4564,굽,1194
4565,굿,3768
4566,궁,16153
4567,궂,2
4568,궈,261
4569,궉,8
4570,권,10486
4571,궐,3159
4572,궗,1
4573,궛,3
4574,궝,6
4575,궤,1918
4576,궨,4
4577,궴,3
4578,궷,3
4579,궹,1
4580,귀,17765
4581,귁,712
4582,귄,50
4583,귇,1
4584,귈,31
4585,귐,2
4586,귑,1
4587,귓,247
4588,귕,457
4589,규,5765
4590,귝,1119
4591,균,1026
4592,귤,236
4593,귥,3
4594,귨,18
4595,귬,4
4596,귯,1
4597,귱,1444
4598,그,96926
4599,극,13450
4600,근,19599
4601,귿,138
4602,글,10654
4603,긁,101
4604,긃,1
4605,긄,42
4606,금,37675
4607,급,10566
4608,긊,1
4609,긋,3321
4610,긍,1045
4611,긔,86871
4612,긕,8
4613,긘,331
4614,긛,2
4615,긜,206
4616,긤,26
4617,긥,3
4618,긧,164
4619,긩,992
4620,긯,1
4621,기,85554
4622,긱,66
4623,긴,3015
4624,긷,41
4625,길,15808
4626,긹,1
4627,긼,69
4628,긿,1
4629,김,7439
4630,깁,5185
4631,깂,1
4632,깃,8133
4633,깅,233
4634,깊,7
4635,까,156
4636,깍,14
4637,깎,2
4638,깐,4
4639,깔,3
4640,깜,15
4641,깝,1
4642,깟,1
4643,깡,10
4644,깨,23
4645,깬,1
4646,깰,1
4647,깽,2
4648,꺄,49
4649,꺙,290
4650,꺵,2
4651,꺼,329
4652,꺽,32
4653,꺾,1
4654,껀,159
4655,껄,1
4656,껋,2
4657,껍,5
4658,껏,12
4659,껑,37
4660,께,40
4661,껭,3
4662,껴,18
4663,껸,10
4664,껼,1
4665,꼉,3
4666,꼐,8
4667,꼥,355
4668,꼬,31
4669,꼭,18
4670,꼰,1
4671,꼳,3
4672,꼴,3
4673,꼽,1
4674,꼿,62
4675,꽁,3
4676,꽃,12
4677,꽈,1
4678,꽉,1
4679,꽌,1
4680,꽝,6
4681,꽤,1
4682,꾀,60
4683,꾓,1
4684,꾜,1
4685,꾸,110
4686,꾹,30
4687,꾼,98
4688,꿀,22
4689,꿈,123
4690,꿍,132
4691,꿘,263
4692,꿣,1
4693,꿩,1
4694,꿰,3
4695,뀌,14
4696,뀐,5
4697,뀡,19
4698,뀨,23
4699,뀩,2
4700,뀬,13
4701,뀽,14
4702,끄,84
4703,끅,336
4704,끈,282
4705,끋,2
4706,끌,36
4707,끔,54
4708,끕,6
4709,끗,96
4710,끙,12
4711,끝,7
4712,끠,510
4713,끵,461
4714,끼,202
4715,끽,1
4716,낀,26
4717,낄,1
4718,낌,10
4719,낑,277
4720,나,166855
4721,낙,5055
4722,낚,2
4723,낛,38
4724,난,21560
4725,낟,153
4726,날,23652
4727,낡,13
4728,낢,1
4729,낣,29
4730,낤,23
4731,낧,2
4732,남,22388
4733,납,3379
4734,낫,8664
4735,났,7
4736,낭,9751
4737,낮,6
4738,낯,2
4739,낱,8
4740,낳,3
4741,내,28530
4742,낸,506
4743,낻,1
4744,낼,352
4745,냄,113
4746,냅,14
4747,냇,154
4748,냉,194
4749,냐,9876
4750,냑,590
4751,냓,1
4752,냔,20
4753,냘,4
4754,냠,31
4755,냡,1
4756,냣,562
4757,냥,18341
4758,냬,11
4759,냰,1
4760,너,37627
4761,넉,6890
4762,넋,4
4763,넌,394
4764,넏,4
4765,널,1631
4766,넑,2
4767,넓,155
4768,넗,1
4769,넘,1980
4770,넙,246
4771,넛,718
4772,넜,1
4773,넝,51
4774,넣,8
4775,네,14615
4776,넥,1
4777,넨,34
4778,넫,10
4779,넬,6
4780,넴,2
4781,넵,2
4782,넷,186
4783,넹,4
4784,녀,49384
4785,녁,4633
4786,녂,1
4787,녃,14
4788,년,26766
4789,녇,32
4790,녈,5769
4791,녋,1
4792,녏,4
4793,념,9377
4794,녑,436
4795,녓,852
4796,녕,12259
4797,녘,12
4798,녙,1
4799,녜,21493
4800,녠,33
4801,녤,9
4802,녬,1
4803,녯,2443
4804,녰,3
4805,녱,18
4806,노,65833
4807,녹,4512
4808,논,11905
4809,녿,13
4810,놀,6585
4811,놄,2
4812,놈,1454
4813,놉,4343
4814,놋,2517
4815,농,2738
4816,놎,1
4817,높,14
4818,놓,25
4819,놔,4
4820,놜,4
4821,놩,1
4822,뇌,3399
4823,뇍,1
4824,뇐,3
4825,뇔,10
4826,뇟,1
4827,뇡,186
4828,뇨,12271
4829,뇩,15
4830,뇬,13
4831,뇯,1
4832,뇰,8
4833,뇸,34
4834,뇹,1
4835,뇻,1
4836,뇽,3498
4837,누,13851
4838,눅,236
4839,눈,9646
4840,눋,3
4841,눌,858
4842,눍,1
4843,눐,9
4844,눔,10
4845,눕,250
4846,눗,36
4847,눙,295
4848,눠,27
4849,눤,20
4850,뉘,5288
4851,뉜,59
4852,뉠,5
4853,뉩,1
4854,뉫,3
4855,뉴,13883
4856,뉵,5026
4857,뉸,3136
4858,뉼,1610
4859,늄,6
4860,늇,2
4861,늉,1001
4862,늋,1
4863,느,2701
4864,늑,115
4865,는,12628
4866,늗,6
4867,늘,5576
4868,늙,833
4869,늠,811
4870,늡,15
4871,늣,1497
4872,능,15665
4873,늦,40
4874,늪,1
4875,늬,442
4876,늭,7
4877,늰,12
4878,늳,1
4879,늴,3
4880,닁,37
4881,니,604619
4882,닉,1541
4883,닌,12260
4884,닏,50
4885,닐,21436
4886,닑,785
4887,닓,92
4888,닔,3
4889,닗,1
4890,님,14872
4891,닙,8061
4892,닚,2
4893,닛,4177
4894,닝,790
4895,닢,1
4896,다,216601
4897,닥,976
4898,닦,5
4899,단,19901
4900,닫,65
4901,달,10324
4902,닭,190
4903,닮,2
4904,닯,99
4905,닰,2
4906,담,6848
4907,답,8974
4908,닶,35
4909,닷,6230
4910,당,43747
4911,닿,1
4912,대,49167
4913,댁,62
4914,댄,3020
4915,댇,2
4916,댈,20
4917,댐,1
4918,댑,2
4919,댓,182
4920,댔,1
4921,댕,25
4922,댜,213
4923,댝,47
4924,댠,5
4925,댬,1
4926,댭,9
4927,댯,1
4928,댱,19930
4929,댸,10
4930,댼,2
4931,더,97582
4932,덕,18134
4933,던,12641
4934,덛,306
4935,덜,1172
4936,덞,5
4937,덟,36
4938,덤,473
4939,덥,1568
4940,덧,1328
4941,덩,637
4942,덪,1
4943,덮,2
4944,데,1788
4945,덱,2
4946,덴,105
4947,델,10
4948,뎁,1
4949,뎃,49
4950,뎅,27
4951,뎌,5992
4952,뎍,3768
4953,뎐,12777
4954,뎓,1
4955,뎔,178
4956,뎘,17
4957,뎜,1004
4958,뎝,84
4959,뎟,74
4960,뎡,26628
4961,뎨,22872
4962,뎬,209
4963,뎰,1
4964,뎻,24
4965,뎽,597
4966,도,138039
4967,독,7081
4968,돇,1
4969,돈,5501
4970,돋,96
4971,돌,3870
4972,돍,4
4973,돏,3
4974,돐,18
4975,돔,43
4976,돕,1032
4977,돗,1138
4978,동,34302
4979,돠,20
4980,돡,14
4981,돤,262
4982,돨,2
4983,돵,16
4984,돼,3
4985,됑,1
4986,되,37606
4987,됙,2
4988,된,2789
4989,될,1658
4990,됧,1
4991,됨,318
4992,됫,32
4993,됭,743
4994,됴,22263
4995,됵,113
4996,됸,282
4997,됻,72
4998,됼,19
4999,둄,2
5000,둅,1
5001,둇,21
5002,둉,640
5003,둌,1
5004,두,44729
5005,둑,341
5006,둔,1682
5007,둗,39
5008,둘,4413
5009,둙,1
5010,둛,3
5011,둜,2
5012,둠,136
5013,둡,413
5014,둣,447
5015,둥,1139
5016,둬,5
5017,둰,70
5018,뒤,3671
5019,뒨,18
5020,뒬,3
5021,뒴,1
5022,뒵,1
5023,뒷,361
5024,듀,2318
5025,듁,1123
5026,듄,57
5027,듈,44
5028,듐,21
5029,듓,20
5030,듕,20155
5031,드,54691
5032,득,18792
5033,든,20489
5034,듣,1727
5035,들,21074
5036,듥,74
5037,듦,29
5038,듧,311
5039,듨,32
5040,듬,1546
5041,듭,152
5042,듯,15107
5043,등,24142
5044,듷,1
5045,듸,2552
5046,듹,20
5047,듼,45
5048,딀,49
5049,딈,5
5050,딉,3
5051,딋,71
5052,딍,65
5053,디,113722
5054,딕,4915
5055,딘,10894
5056,딛,31
5057,딜,4995
5058,딠,1
5059,딤,1266
5060,딥,102
5061,딦,1
5062,딧,199
5063,딩,3450
5064,딪,1
5065,딮,1
5066,딯,3
5067,따,459
5068,딱,38
5069,딴,278
5070,딷,1
5071,딸,57
5072,딿,4
5073,땀,171
5074,땁,1
5075,땃,1
5076,땅,787
5077,때,1198
5078,땐,1
5079,땔,5
5080,땡,2881
5081,땩,325
5082,땬,3
5083,땽,14
5084,떄,4
5085,떙,22
5086,떠,406
5087,떡,54
5088,떤,13
5089,떨,38
5090,떳,4
5091,떵,5
5092,떻,1
5093,떼,29
5094,뗀,3
5095,뗌,1
5096,뗏,2
5097,뗑,37
5098,뗘,7
5099,뗙,8
5100,뗜,272
5101,뗨,10
5102,뗩,122
5103,뗭,42
5104,뗴,81
5105,뗸,15
5106,똉,2330
5107,또,1366
5108,똑,339
5109,똔,78
5110,똘,1
5111,똠,27
5112,똥,1155
5113,똭,112
5114,똰,165
5115,뙁,9
5116,뙤,7
5117,뙥,1
5118,뙨,4
5119,뙹,7
5120,뚜,55
5121,뚝,18
5122,뚠,22
5123,뚤,8
5124,뚧,1
5125,뚯,2
5126,뚱,96
5127,뚼,19
5128,뛰,48
5129,뛴,11
5130,뜌,12
5131,뜍,14
5132,뜡,818
5133,뜨,71
5134,뜩,94
5135,뜬,9
5136,뜯,1
5137,뜰,19
5138,뜸,5
5139,뜻,374
5140,뜽,33
5141,띄,31
5142,띈,1
5143,띔,1
5144,띙,16
5145,띠,1230
5146,띡,35
5147,띤,1066
5148,띨,4
5149,띰,68
5150,띱,1
5151,띳,3
5152,띵,1657
5153,라,347849
5154,락,7402
5155,띿,1
5156,란,10811
5157,랃,15
5158,랄,584
5159,람,6239
5160,랍,369
5161,랏,1375
5162,랑,16143
5163,래,4581
5164,랙,5
5165,랜,207
5166,랟,1
5167,랠,47
5168,램,10
5169,랩,2
5170,랫,338
5171,랭,113
5172,랴,5416
5173,략,1123
5174,랸,39
5175,랼,5
5176,럄,1
5177,럇,7
5178,량,5977
5179,럐,12
5180,러,101531
5181,럭,565
5182,런,6860
5183,럳,7
5184,럴,1190
5185,럵,1
5186,럼,504
5187,럽,1154
5188,럿,3330
5189,렀,2
5190,렁,194
5191,렅,1
5192,렇,12
5193,레,3156
5194,렉,3
5195,렌,54
5196,렐,17
5197,렘,9
5198,렛,405
5199,렝,5
5200,려,51351
5201,력,2059
5202,련,3701
5203,렫,9
5204,렬,1991
5205,렴,2425
5206,렵,2200
5207,렷,1186
5208,렸,2
5209,령,7240
5210,렿,2
5211,례,10667
5212,롁,2
5213,롄,25
5214,롇,1
5215,롈,3
5216,롐,1
5217,롓,70
5218,롕,397
5219,로,256099
5220,록,25257
5221,론,4070
5222,롣,15
5223,롤,634
5224,롨,1
5225,롬,890
5226,롭,2107
5227,롯,296
5228,롱,2032
5229,롷,1
5230,롸,202
5231,롼,115
5232,뢋,1
5233,뢍,52
5234,뢔,1
5235,뢰,1732
5236,뢱,1
5237,뢴,23
5238,뢸,8
5239,룀,1
5240,룃,2
5241,룅,33
5242,료,1878
5243,룍,8
5244,룐,36
5245,룔,35
5246,룜,215
5247,룟,1
5248,룡,2173
5249,룧,1
5250,루,9283
5251,룩,354
5252,룬,447
5253,룯,3
5254,룰,115
5255,룸,381
5256,룹,59
5257,룻,88
5258,룽,272
5259,뤄,26
5260,뤈,37
5261,뤗,1
5262,뤼,592
5263,륀,4
5264,륄,3
5265,륏,2
5266,륑,2
5267,류,4965
5268,륙,3951
5269,륜,2534
5270,률,816
5271,륧,5
5272,륨,36
5273,륫,21
5274,륭,213
5275,르,26202
5276,륵,1541
5277,른,5006
5278,륻,13
5279,를,91009
5280,륽,2
5281,릀,1
5282,름,4563
5283,릅,624
5284,릇,1915
5285,릉,1884
5286,릍,1
5287,릎,1
5288,릏,4
5289,릐,546
5290,릔,12
5291,릘,1
5292,릠,1
5293,릣,70
5294,릥,7
5295,리,182499
5296,릭,158
5297,린,6525
5298,릳,8
5299,릴,2642
5300,릸,1
5301,림,4348
5302,립,1778
5303,릿,682
5304,링,3000
5305,마,50605
5306,막,7059
5307,맊,1
5308,만,68646
5309,많,36
5310,맏,73
5311,말,56150
5312,맑,266
5313,맒,7
5314,맔,6
5315,맗,13
5316,맘,82
5317,맙,17
5318,맛,19679
5319,맜,1
5320,망,20614
5321,맞,33
5322,맡,7
5323,맣,1
5324,매,12493
5325,맥,67
5326,맨,269
5327,맬,31
5328,맴,3
5329,맵,20
5330,맷,273
5331,맹,249
5332,맺,3
5333,먀,207
5334,먁,164
5335,먄,12
5336,먈,2
5337,먓,8
5338,먕,20
5339,먜,10
5340,먯,1
5341,먱,1
5342,머,16484
5343,먹,8462
5344,먻,1
5345,먼,4329
5346,먿,7
5347,멀,1125
5348,멁,1
5349,멂,5
5350,멈,87
5351,멉,3
5352,멋,67
5353,멍,428
5354,메,1808
5355,멕,33
5356,멘,134
5357,멜,36
5358,멤,2
5359,멥,52
5360,멧,203
5361,멩,14
5362,며,91236
5363,멱,174
5364,면,57041
5365,멷,2
5366,멸,2394
5367,멿,32
5368,몀,2
5369,몃,1033
5370,명,52184
5371,몇,17
5372,몌,587
5373,몐,19
5374,몓,12
5375,몔,4
5376,몟,15
5377,몡,527
5378,모,70552
5379,목,14074
5380,몬,7392
5381,몯,8447
5382,몰,2931
5383,몱,1
5384,몲,3
5385,몴,5
5386,몷,4
5387,몸,10471
5388,몹,166
5389,못,84674
5390,몼,1
5391,몽,5889
5392,몾,1
5393,뫁,3
5394,뫃,1
5395,뫄,11
5396,뫌,1
5397,뫼,11616
5398,묀,41
5399,묃,1
5400,묄,1
5401,묌,1
5402,묍,4
5403,묏,301
5404,묑,2
5405,묘,8968
5406,묙,3
5407,묜,2
5408,묟,2
5409,묠,2
5410,묤,1
5411,묨,7
5412,묫,6
5413,묭,1
5414,무,54954
5415,묵,1814
5416,문,49923
5417,묻,895
5418,물,23349
5419,묽,29
5420,묿,1
5421,뭀,49
5422,뭃,5
5423,뭄,41
5424,뭅,1
5425,뭇,4525
5426,뭉,3313
5427,뭊,1
5428,뭍,1
5429,뭏,2
5430,뭐,204
5431,뭔,10
5432,뭘,2
5433,뭣,1
5434,뭬,2
5435,뭿,1
5436,뮈,3968
5437,뮌,15
5438,뮐,15
5439,뮙,11
5440,뮛,2
5441,뮤,37
5442,뮥,1
5443,뮨,15
5444,뮫,1
5445,뮬,14
5446,뮰,1
5447,뮴,1
5448,뮹,11
5449,므,20910
5450,믁,1532
5451,믄,15956
5452,믇,74
5453,믈,89832
5454,믉,9
5455,믋,1
5456,믌,415
5457,믏,1
5458,믐,54
5459,믑,1
5460,믓,544
5461,믕,127
5462,믙,3
5463,믛,3
5464,믜,3995
5465,믠,68
5466,믤,12
5467,믭,67
5468,믯,66
5469,믱,60
5470,미,123678
5471,믹,33
5472,민,12918
5473,믿,334
5474,밀,5460
5475,밄,34
5476,밇,4
5477,밈,8
5478,밉,17
5479,밋,12879
5480,밍,1936
5481,밎,1
5482,및,2
5483,밑,1
5484,바,36792
5485,박,14415
5486,밖,27
5487,반,25179
5488,받,534
5489,발,15577
5490,밝,410
5491,밞,1
5492,밟,71
5493,밠,52
5494,밣,6
5495,밤,3922
5496,밥,1668
5497,밦,1
5498,밧,22246
5499,방,22153
5500,밭,2
5501,배,5859
5502,백,908
5503,밴,51
5504,밷,1
5505,밸,18
5506,뱀,4
5507,뱃,96
5508,뱅,60
5509,뱌,20
5510,뱍,62
5511,뱐,5
5512,뱔,2
5513,뱝,1
5514,뱟,4
5515,뱡,13
5516,뱨,2
5517,버,10567
5518,벅,626
5519,번,17135
5520,벋,157
5521,벌,3912
5522,벐,1
5523,벓,12
5524,범,8674
5525,법,16800
5526,벗,1970
5527,벙,306
5528,벚,1
5529,벝,1
5530,베,4145
5531,벡,15
5532,벤,23
5533,벨,73
5534,벱,3
5535,벳,108
5536,벵,4
5537,벼,3604
5538,벽,4954
5539,변,15358
5540,볃,13
5541,별,10703
5542,볈,9
5543,볋,4
5544,볌,7
5545,볍,38
5546,볏,196
5547,병,21679
5548,볕,1
5549,볘,240
5550,볙,2
5551,볜,7
5552,볠,1
5553,볫,1
5554,볭,26
5555,보,81662
5556,복,30749
5557,볶,1
5558,본,16897
5559,볻,11
5560,볼,3163
5561,볽,3
5562,봄,1145
5563,봅,33
5564,봆,1
5565,봇,273
5566,봉,15236
5567,봐,49
5568,봘,1
5569,봥,1
5570,뵁,4
5571,뵈,7449
5572,뵉,2
5573,뵌,151
5574,뵐,172
5575,뵘,23
5576,뵙,4
5577,뵛,16
5578,뵤,119
5579,뵨,3
5580,뵬,9
5581,뵴,15
5582,뵹,1
5583,부,129240
5584,북,2991
5585,분,21864
5586,붇,56
5587,불,20068
5588,붉,295
5589,붊,6
5590,붌,1
5591,붏,5
5592,붐,66
5593,붑,215
5594,붓,3408
5595,붕,1360
5596,붙,13
5597,붛,4
5598,붜,71
5599,붠,45
5600,붤,6
5601,붬,2
5602,붭,4
5603,붸,1
5604,뷔,10830
5605,뷕,1
5606,뷘,372
5607,뷜,53
5608,뷤,5
5609,뷧,6
5610,뷩,2
5611,뷰,23
5612,뷱,30
5613,뷴,5
5614,뷸,6
5615,븀,1
5616,븃,4
5617,븅,1
5618,브,26532
5619,븍,2859
5620,븐,1282
5621,븓,407
5622,블,32813
5623,븕,761
5624,븗,9
5625,븘,51
5626,븜,92
5627,븝,2
5628,븟,6921
5629,븡,822
5630,븥,1
5631,븧,11
5632,븨,1913
5633,븩,12
5634,븬,246
5635,븰,12
5636,븻,39
5637,븽,1
5638,비,75281
5639,빅,97
5640,빈,6421
5641,빋,41
5642,빌,1456
5643,빍,1
5644,빎,14
5645,빐,2
5646,빓,2
5647,빔,29
5648,빕,49
5649,빗,8381
5650,빙,4849
5651,빚,9
5652,빛,12
5653,빠,246
5654,빡,22
5655,빤,747
5656,빨,6
5657,빰,1
5658,빳,1
5659,빵,701
5660,빼,163
5661,빽,2
5662,뺄,2
5663,뺌,2
5664,뺐,2
5665,뺑,20
5666,뺘,2
5667,뺜,1
5668,뺨,6
5669,뺭,1
5670,뻐,9
5671,뻔,465
5672,뻗,1
5673,뻘,1
5674,뻠,778
5675,뻡,2
5676,뻥,11
5677,뻬,1
5678,뼈,74
5679,뼉,1
5680,뼌,1085
5681,뼐,2
5682,뼘,9
5683,뼛,7
5684,뼝,26
5685,뼤,31
5686,뼹,11
5687,뽀,109
5688,뽁,341
5689,뽄,7
5690,뽈,6
5691,뽐,2
5692,뽑,10
5693,뽕,3097
5694,뾔,4
5695,뿅,2
5696,뿌,133
5697,뿐,573
5698,뿔,91
5699,뿖,1
5700,뿛,20
5701,뿜,19
5702,뿡,192
5703,뿨,65
5704,뿬,20
5705,쀠,7
5706,쀤,7
5707,쁘,16
5708,쁙,14
5709,쁜,14
5710,쁟,2
5711,쁠,4
5712,쁨,2
5713,쁭,46
5714,쁳,4
5715,쁴,27
5716,삉,4
5717,삐,163
5718,삑,2
5719,삔,94
5720,삠,19
5721,삥,1091
5722,사,49300
5723,삭,4022
5724,삮,1
5725,삯,2
5726,산,21736
5727,삳,17
5728,살,9252
5729,삵,11
5730,삶,83
5731,삷,58
5732,삸,15
5733,삻,28
5734,삼,36029
5735,삽,493
5736,삿,482
5737,상,47882
5738,샃,2
5739,새,3504
5740,색,350
5741,샌,29
5742,샏,20
5743,샐,22
5744,샘,35
5745,샛,60
5746,생,1278
5747,샤,58102
5748,샥,609
5749,샨,1199
5750,샫,2
5751,샬,148
5752,샴,426
5753,샵,4
5754,샷,687
5755,샹,54998
5756,섀,153
5757,섁,1
5758,섄,4
5759,섓,1
5760,서,15161
5761,석,1409
5762,선,1001
5763,섣,8
5764,설,639
5765,섥,7
5766,섧,10
5767,섨,3
5768,섬,286
5769,섭,453
5770,섯,1148
5771,섰,8
5772,성,1331
5773,세,5711
5774,섹,5
5775,센,109
5776,섿,3
5777,셀,33
5778,셈,19
5779,셉,61
5780,셋,195
5781,셍,52
5782,셔,92577
5783,셕,16261
5784,셗,1
5785,션,33084
5786,셜,16582
5787,셟,87
5788,셠,1
5789,셣,1
5790,셤,4677
5791,셥,2592
5792,셧,1774
5793,셨,29
5794,셩,70874
5795,셭,1
5796,셰,43708
5797,셱,1
5798,셴,226
5799,셷,2
5800,셸,16
5801,솀,6
5802,솃,68
5803,솅,3997
5804,소,45803
5805,속,5263
5806,솎,1
5807,손,14062
5808,솑,1
5809,솓,31
5810,솔,1109
5811,솘,16
5812,솛,1
5813,솜,196
5814,솝,117
5815,솟,405
5816,송,4581
5817,솣,1
5818,솨,100
5819,솩,5
5820,솬,94
5821,솰,9
5822,솽,78
5823,쇄,2736
5824,쇈,2
5825,쇗,2
5826,쇠,2925
5827,쇡,4
5828,쇤,7
5829,쇨,1
5830,쇳,18
5831,쇵,16
5832,쇼,77590
5833,쇽,5663
5834,숀,2660
5835,숄,123
5836,숌,188
5837,숍,4
5838,숏,39
5839,숑,3577
5840,수,12953
5841,숙,1015
5842,순,882
5843,숟,11
5844,술,3503
5845,숡,1
5846,숤,22
5847,숨,1793
5848,숩,61
5849,숫,316
5850,숭,1284
5851,숴,21
5852,숸,76
5853,숼,2
5854,쉅,2
5855,쉐,3
5856,쉬,3127
5857,쉭,1
5858,쉰,138
5859,쉳,3
5860,쉴,85
5861,쉼,4
5862,쉽,485
5863,쉿,32
5864,슁,5
5865,슈,65047
5866,슉,17143
5867,슌,14501
5868,슏,41
5869,슐,4057
5870,슑,1
5871,슘,1278
5872,슙,18
5873,슛,69
5874,슝,1903
5875,스,23776
5876,슥,136
5877,슨,3334
5878,슫,4
5879,슬,16195
5880,슭,60
5881,슮,1
5882,슯,83
5883,슰,9
5884,슴,963
5885,습,3261
5886,슷,596
5887,승,18627
5888,슿,1
5889,싀,2963
5890,싁,874
5891,싄,72
5892,싈,7
5893,싐,2
5894,싑,3
5895,싓,5
5896,싕,40
5897,시,296759
5898,식,21778
5899,싟,2
5900,신,86766
5901,싣,74
5902,실,37702
5903,싥,2
5904,싦,1
5905,싨,12
5906,싫,8
5907,심,55864
5908,십,22334
5909,싯,395
5910,싱,1280
5911,싲,2
5912,싶,8
5913,싷,1
5914,싸,1135
5915,싹,65
5916,싼,46
5917,쌀,632
5918,쌈,54
5919,쌉,7
5920,쌋,17
5921,쌍,385
5922,쌓,2
5923,쌔,7
5924,쌕,1
5925,쌧,1
5926,쌩,3
5927,쌰,99
5928,쌴,43
5929,썅,1008
5930,썌,2
5931,써,3785
5932,썩,119
5933,썬,61
5934,썰,109
5935,썸,8
5936,썹,11
5937,썻,52
5938,썼,2
5939,썽,4
5940,쎄,11
5941,쎗,1
5942,쎙,3
5943,쎠,843
5944,쎡,108
5945,쎤,1681
5946,쎨,4
5947,쎰,14
5948,쎱,21
5949,쎳,9
5950,쎵,69
5951,쎼,10
5952,쏀,3
5953,쏑,140
5954,쏘,434
5955,쏙,2
5956,쏜,15
5957,쏠,12
5958,쏨,5
5959,쏫,50
5960,쏴,8
5961,쏸,16
5962,쐉,9
5963,쐐,14
5964,쐣,8
5965,쐬,20
5966,쑁,1
5967,쑈,11
5968,쑉,469
5969,쑝,9
5970,쑤,103
5971,쑥,100
5972,쑨,6
5973,쑬,4
5974,쑴,1
5975,쑵,10
5976,쑹,11
5977,쒜,1
5978,쒸,63
5979,쓍,1
5980,쓔,139
5981,쓕,51
5982,쓘,521
5983,쓜,1
5984,쓣,2
5985,쓤,35
5986,쓩,669
5987,쓰,3108
5988,쓱,4
5989,쓴,273
5990,쓸,624
5991,쓺,1
5992,씀,85
5993,씁,4
5994,씃,12
5995,씋,3
5996,씌,26
5997,씍,21
5998,씡,3
5999,씨,5062
6000,씩,314
6001,씬,1191
6002,씰,18
6003,씷,21
6004,씸,389
6005,씹,2366
6006,씻,268
6007,씽,1282
6008,아,216544
6009,악,15120
6010,안,40924
6011,앉,22
6012,않,49
6013,앋,10
6014,알,23209
6015,앍,1
6016,앎,33
6017,앏,886
6018,앐,6
6019,앒,1
6020,암,5889
6021,압,3560
6022,앗,4393
6023,았,28
6024,앙,4761
6025,앛,1
6026,앝,1
6027,앞,29
6028,애,17569
6029,액,64
6030,앤,540
6031,앧,5
6032,앨,6
6033,앰,1
6034,앱,2
6035,앳,1269
6036,앵,55
6037,야,162815
6038,약,15350
6039,얀,586
6040,얄,139
6041,얅,1
6042,얇,47
6043,얌,447
6044,얍,157
6045,얏,3212
6046,얐,13
6047,양,31420
6048,얕,3
6049,얘,2367
6050,얜,15
6051,얠,4
6052,얫,355
6053,얭,1
6054,어,106467
6055,억,2861
6056,얶,1
6057,언,20646
6058,얻,283
6059,얼,5710
6060,얽,451
6061,얿,41
6062,엀,2
6063,엄,13668
6064,업,70987
6065,없,137
6066,엇,47604
6067,었,96
6068,엉,352
6069,엊,2
6070,엌,1
6071,에,103939
6072,엑,8
6073,엔,639
6074,엗,19
6075,엘,65
6076,엠,2
6077,엡,2
6078,엣,1708
6079,엤,1
6080,엥,9
6081,여,236250
6082,역,10988
6083,연,55271
6084,엳,112
6085,열,10795
6086,엵,1
6087,엶,20
6088,엷,58
6089,엸,2
6090,염,5536
6091,엽,1351
6092,엿,20155
6093,였,74
6094,영,21081
6095,옆,3
6096,옇,1
6097,예,23089
6098,옌,260
6099,옏,2
6100,옐,5
6101,옙,1
6102,옛,1490
6103,옜,2
6104,옝,42
6105,오,217575
6106,옥,28414
6107,옦,1
6108,온,28468
6109,옫,33
6110,올,17464
6111,옭,28
6112,옮,304
6113,옯,4
6114,옰,56
6115,옳,11
6116,옴,5005
6117,옵,4230
6118,옶,1
6119,옷,2923
6120,옹,2116
6121,와,86854
6122,왁,13
6123,완,7848
6124,왇,170
6125,왈,56589
6126,왌,1
6127,왐,41
6128,왑,1
6129,왓,3477
6130,왔,44
6131,왕,34511
6132,왙,1
6133,왜,2289
6134,왠,7
6135,왤,2
6136,왯,89
6137,왱,1
6138,외,20354
6139,왼,1239
6140,왿,3
6141,욀,333
6142,욈,11
6143,욉,1
6144,욋,18
6145,욍,35
6146,요,23149
6147,욕,6336
6148,욘,146
6149,욛,1
6150,욜,157
6151,욣,1
6152,욤,970
6153,욥,2
6154,욧,3
6155,용,17034
6156,우,68894
6157,욱,3697
6158,운,20895
6159,욷,28
6160,울,7646
6161,욹,55
6162,욺,10
6163,욻,2
6164,욼,31
6165,움,2026
6166,웁,56
6167,웃,4470
6168,웅,3258
6169,워,8115
6170,웍,42
6171,원,47999
6172,웓,4
6173,월,19276
6174,웘,4
6175,웛,1
6176,웜,13
6177,웟,406
6178,웠,1
6179,웡,26
6180,웨,410
6181,웬,73
6182,웰,3
6183,웻,49
6184,위,58101
6185,윅,2
6186,윈,289
6187,윌,189
6188,윐,1
6189,윔,18
6190,윗,175
6191,윙,1438
6192,윚,1
6193,유,41505
6194,육,3214
6195,윤,14052
6196,율,144
6197,윰,105
6198,윱,10
6199,윳,9
6200,융,1133
6201,으,82374
6202,윽,4730
6203,은,102540
6204,읁,1
6205,읃,13
6206,을,352885
6207,읅,23
6208,읆,4
6209,읇,290
6210,읈,1
6211,읊,1
6212,음,22926
6213,읍,5061
6214,읏,1232
6215,응,5069
6216,읕,1
6217,읗,2
6218,의,496284
6219,읙,2
6220,읜,120
6221,읟,7
6222,읠,39
6223,읨,2
6224,읫,804
6225,읭,44
6226,읮,2
6227,이,839473
6228,익,6216
6229,읶,1
6230,인,124118
6231,읻,51
6232,일,141805
6233,읽,128
6234,읿,4
6235,잀,20
6236,잃,3
6237,임,15764
6238,입,8955
6239,잆,5
6240,잇,51039
6241,있,161
6242,잉,2739
6243,잊,20
6244,잍,1
6245,잎,2
6246,잏,1
6247,자,13653
6248,작,9370
6249,잔,5344
6250,잗,5
6251,잘,2791
6252,잠,7043
6253,잡,10281
6254,잢,1
6255,잣,413
6256,장,25547
6257,재,2605
6258,잭,2
6259,잰,10
6260,잴,1
6261,잽,1
6262,잿,76
6263,쟁,130
6264,쟈,13766
6265,쟉,2883
6266,쟌,99
6267,쟐,64
6268,쟘,44
6269,쟙,20
6270,쟛,21
6271,쟝,23546
6272,쟡,1
6273,쟤,4381
6274,쟨,18
6275,쟷,4
6276,저,7190
6277,적,6831
6278,전,1790
6279,젇,13
6280,절,1343
6281,젉,1
6282,젊,17
6283,점,318
6284,접,264
6285,젓,564
6286,젔,3
6287,정,1783
6288,젖,3
6289,제,13723
6290,젠,110
6291,젤,4
6292,젬,1
6293,젯,303
6294,젱,7
6295,져,71666
6296,젹,21111
6297,젼,41317
6298,젿,6
6299,졀,21906
6300,졂,12
6301,졃,1
6302,졇,2
6303,졈,6282
6304,졉,3895
6305,졋,1491
6306,졌,1
6307,졍,68295
6308,졎,2
6309,졓,1
6310,졔,52691
6311,졘,50
6312,졜,5
6313,졥,1
6314,졧,80
6315,졩,291
6316,조,47000
6317,족,3595
6318,존,13995
6319,졷,48
6320,졸,4299
6321,좀,533
6322,좁,288
6323,좃,2821
6324,종,13063
6325,좆,5
6326,좇,8
6327,좋,20
6328,좌,14365
6329,좍,4
6330,좐,17
6331,좔,12
6332,좕,1
6333,좟,9
6334,좡,131
6335,좨,376
6336,좰,1
6337,죄,24666
6338,죈,24
6339,죌,5
6340,죕,1
6341,죗,57
6342,죙,54
6343,죠,7167
6344,죡,4379
6345,죤,181
6346,죧,1
6347,죨,146
6348,죰,35
6349,죱,7
6350,죳,62
6351,죵,10995
6352,주,14065
6353,죽,16961
6354,준,989
6355,줃,1
6356,줄,6874
6357,줅,3
6358,줈,10
6359,줌,182
6360,줍,29
6361,줏,60
6362,중,1750
6363,줘,9
6364,줜,28
6365,쥐,757
6366,쥑,4
6367,쥔,12
6368,쥘,17
6369,쥡,1
6370,쥬,44320
6371,쥭,5638
6372,쥰,4040
6373,쥳,1
6374,쥴,3994
6375,쥼,35
6376,쥽,17
6377,쥿,23
6378,즁,26976
6379,즈,6964
6380,즉,23834
6381,즌,721
6382,즏,10
6383,즐,6724
6384,즑,18
6385,즓,1
6386,즔,1
6387,즘,988
6388,즙,841
6389,즛,1521
6390,증,6074
6391,즞,2
6392,즤,61
6393,즥,2
6394,즨,1
6395,즷,2
6396,즹,15
6397,지,244708
6398,직,15100
6399,짂,2
6400,짃,1
6401,진,45549
6402,짇,34
6403,질,12402
6404,짉,1
6405,짐,3684
6406,집,17254
6407,짒,24
6408,짓,4898
6409,징,3021
6410,짖,1
6411,짙,1
6412,짜,65
6413,짝,55
6414,짠,48
6415,짬,29
6416,짭,107
6417,짯,209
6418,짱,21
6419,짷,2
6420,째,140
6421,쨍,2
6422,쨩,104
6423,쨰,1
6424,쩀,1
6425,쩌,43
6426,쩍,11
6427,쩐,10
6428,쩜,6
6429,쩡,5
6430,쩨,90
6431,쩬,5
6432,쩰,2
6433,쩻,2
6434,쩽,2
6435,쪄,2
6436,쪅,548
6437,쪈,527
6438,쪌,1
6439,쪔,601
6440,쪙,14
6441,쪠,9
6442,쪤,2
6443,쪵,23
6444,쪼,17
6445,쪽,51
6446,쫀,6
6447,쫄,1
6448,쫏,15
6449,쫑,44
6450,쫓,4
6451,쫘,4
6452,쫜,16
6453,쫭,443
6454,쬐,58
6455,쬥,289
6456,쬬,3
6457,쭁,3
6458,쭈,35
6459,쭉,3
6460,쭌,2
6461,쭐,5
6462,쭝,89
6463,쭤,44
6464,쮜,47
6465,쮸,82
6466,쮼,10
6467,쯈,1
6468,쯍,82
6469,쯔,276
6470,쯕,70
6471,쯘,1
6472,쯤,1
6473,쯧,5
6474,쯩,7
6475,쯰,11
6476,찅,17
6477,찌,97
6478,찍,21
6479,찐,203
6480,찔,12
6481,찛,1
6482,찜,6
6483,찝,108
6484,찟,1
6485,찡,121
6486,찢,3
6487,찧,3
6488,차,7472
6489,착,2360
6490,찬,7018
6491,찯,3
6492,찰,4426
6493,찷,6
6494,참,15197
6495,찹,174
6496,찻,571
6497,창,11050
6498,찾,22
6499,찿,1
6500,챃,1
6501,채,1634
6502,책,134
6503,챈,1
6504,챌,1
6505,챕,1
6506,챗,35
6507,챙,11
6508,챠,1503
6509,챡,327
6510,챤,70
6511,챨,44
6512,챰,40
6513,챱,9
6514,챳,3
6515,챵,5590
6516,챼,26
6517,챽,1
6518,첀,1
6519,처,5877
6520,척,204
6521,천,829
6522,첟,2
6523,철,240
6524,첨,133
6525,첩,173
6526,첫,563
6527,첬,2
6528,청,574
6529,체,727
6530,첸,2
6531,쳇,38
6532,쳉,36
6533,쳐,31813
6534,쳑,7156
6535,쳔,25832
6536,쳗,51
6537,쳘,3207
6538,쳠,2774
6539,쳡,8391
6540,쳣,1077
6541,쳤,2
6542,쳥,27237
6543,쳬,7804
6544,쳰,11
6545,쳿,7
6546,촁,1607
6547,초,26252
6548,촉,2735
6549,촌,2404
6550,촏,2
6551,촐,132
6552,촘,65
6553,촙,1
6554,촛,53
6555,총,3643
6556,촤,30
6557,촥,1
6558,촨,7
6559,촬,43
6560,촹,112
6561,쵀,254
6562,최,7876
6563,쵝,3
6564,쵠,64
6565,쵣,1
6566,쵤,58
6567,쵬,18
6568,쵯,5
6569,쵱,2
6570,쵸,4042
6571,쵹,3407
6572,쵼,226
6573,춀,15
6574,춈,19
6575,춋,16
6576,춍,2963
6577,추,2049
6578,축,512
6579,춘,968
6580,춛,1
6581,출,628
6582,춣,1
6583,춤,588
6584,춥,7
6585,충,703
6586,춰,13
6587,춴,11
6588,췌,243
6589,취,1610
6590,췬,17
6591,췰,21
6592,췻,2
6593,췽,1
6594,츄,13103
6595,츅,2833
6596,츆,1
6597,츈,6274
6598,츋,2
6599,츌,8055
6600,츓,5
6601,츔,209
6602,츕,2
6603,츗,6
6604,츙,4936
6605,츠,1321
6606,측,4688
6607,츤,400
6608,츨,735
6609,츩,62
6610,츬,4
6611,츰,160
6612,츱,2
6613,츳,15
6614,층,1495
6615,츼,698
6616,츽,10
6617,칀,7
6618,칄,5
6619,칌,1
6620,칏,1
6621,칑,2
6622,치,84556
6623,칙,1150
6624,친,20712
6625,칟,9
6626,칠,7779
6627,칧,7
6628,침,9655
6629,칩,168
6630,칫,22
6631,칭,6176
6632,카,221
6633,칵,36
6634,칸,204
6635,칼,2925
6636,캄,62
6637,캅,19
6638,캇,18
6639,캉,308
6640,캐,536
6641,캔,4
6642,캘,1
6643,캥,41
6644,캬,43
6645,캰,3
6646,캳,1
6647,캴,3
6648,캼,4
6649,컁,21
6650,커,5197
6651,컥,24
6652,컨,4112
6653,컫,5
6654,컬,63
6655,컴,20
6656,컵,33
6657,컷,226
6658,컹,139
6659,케,7266
6660,켄,3
6661,켇,1
6662,켈,1
6663,켑,11
6664,켓,27
6665,켜,472
6666,켝,1
6667,켠,115
6668,켤,7
6669,켬,6
6670,켭,4
6671,켯,19
6672,켱,10
6673,켸,121
6674,콍,58
6675,코,19436
6676,콕,117
6677,콘,84
6678,콛,1
6679,콜,70
6680,콤,48
6681,콧,35
6682,콩,1387
6683,콰,557
6684,콱,7
6685,콴,11
6686,콸,1
6687,쾃,9
6688,쾅,107
6689,쾌,4226
6690,쾡,34
6691,쾨,41
6692,쾽,13
6693,쿄,49
6694,쿈,1
6695,쿌,3
6696,쿔,2
6697,쿠,431
6698,쿡,16
6699,쿤,52
6700,쿧,2
6701,쿨,58
6702,쿰,9
6703,쿱,11
6704,쿳,4
6705,쿵,183
6706,쿼,21
6707,퀀,136
6708,퀄,2
6709,퀘,1
6710,퀴,81
6711,퀵,1
6712,퀸,5
6713,큇,2
6714,큉,3
6715,큐,240
6716,큔,15
6717,큥,13
6718,크,8350
6719,큭,31
6720,큰,6313
6721,클,163
6722,큼,157
6723,큽,1
6724,큿,5
6725,킁,14
6726,킈,310
6727,킌,26
6728,킐,15
6729,킛,2
6730,킝,564
6731,키,4136
6732,킥,4
6733,킨,173
6734,킬,133
6735,킳,2
6736,킴,16
6737,킷,5
6738,킹,91
6739,타,15713
6740,탁,5189
6741,탄,10889
6742,탇,3
6743,탈,2832
6744,탏,2
6745,탐,2647
6746,탑,1487
6747,탓,440
6748,탕,4232
6749,탘,1
6750,태,18761
6751,택,95
6752,탠,6
6753,탣,1
6754,탤,5
6755,탬,3
6756,탭,1
6757,탯,17
6758,탱,195
6759,탸,14
6760,탹,82
6761,탼,5
6762,턀,3
6763,턈,1
6764,턍,170
6765,턔,3
6766,턕,1
6767,턩,1
6768,터,13112
6769,턱,93
6770,턴,593
6771,턷,2
6772,털,547
6773,텀,43
6774,텁,106
6775,텃,78
6776,텅,52
6777,텉,1
6778,테,595
6779,텐,9
6780,텔,2
6781,템,3
6782,텟,56
6783,텡,10
6784,텨,3006
6785,텩,354
6786,텬,35802
6787,텯,7
6788,텰,1249
6789,텸,298
6790,텹,313
6791,텻,1501
6792,텽,1706
6793,톄,7173
6794,톈,16
6795,톗,13
6796,톙,1381
6797,토,9122
6798,톡,39
6799,톤,88
6800,톧,5
6801,톨,116
6802,톰,37
6803,톱,218
6804,톳,113
6805,통,17704
6806,톼,26
6807,퇀,1
6808,퇄,6
6809,퇌,2
6810,퇑,4
6811,퇴,3303
6812,퇵,2
6813,퇸,3
6814,퇼,2
6815,툃,1
6816,툇,2
6817,툉,42
6818,툐,659
6819,툑,22
6820,툔,4
6821,툘,9
6822,툠,8
6823,툣,2
6824,툥,610
6825,투,2895
6826,툭,65
6827,툰,97
6828,툳,1
6829,툴,108
6830,툼,47
6831,툽,14
6832,툿,12
6833,퉁,276
6834,퉈,3
6835,퉌,16
6836,튀,186
6837,튄,5
6838,튈,5
6839,튓,16
6840,튜,851
6841,튝,1506
6842,튠,8
6843,튤,155
6844,튬,7
6845,튱,4088
6846,트,2260
6847,특,4978
6848,튼,2477
6849,튿,4
6850,틀,1177
6851,틄,28
6852,틈,659
6853,틉,7
6854,틋,1815
6855,틍,61
6856,틐,1
6857,틔,606
6858,틕,1
6859,틘,5
6860,틜,2
6861,틤,2
6862,틧,94
6863,틩,1
6864,티,21254
6865,틱,585
6866,틳,1
6867,틴,327
6868,틷,2
6869,틸,195
6870,팀,653
6871,팁,27
6872,팃,13
6873,팅,399
6874,파,12836
6875,팍,46
6876,판,4932
6877,팔,7438
6878,팜,4
6879,팝,2
6880,팟,337
6881,팡,156
6882,패,3752
6883,팬,2
6884,팰,5
6885,팻,7
6886,팽,84
6887,퍄,7
6888,퍅,22
6889,퍌,1
6890,퍠,1
6891,퍼,1439
6892,퍽,41
6893,펀,258
6894,펄,59
6895,펌,4
6896,펏,65
6897,펑,34
6898,페,189
6899,펜,2
6900,펫,50
6901,펭,1
6902,펴,4125
6903,펵,25
6904,편,10252
6905,펼,295
6906,폄,294
6907,폅,6
6908,폇,21
6909,평,13729
6910,폐,7222
6911,폔,6
6912,폘,3
6913,폣,21
6914,폥,32
6915,포,8805
6916,폭,424
6917,폰,1
6918,폴,6
6919,폼,24
6920,폽,1
6921,폿,7
6922,퐁,292
6923,퐈,2
6924,퐉,6
6925,푀,510
6926,푄,3
6927,푓,1
6928,표,5832
6929,푠,3
6930,푤,3
6931,푱,4
6932,푶,1
6933,푸,1992
6934,푹,17
6935,푼,1011
6936,풀,1905
6937,풂,22
6938,품,3052
6939,풋,73
6940,풍,12288
6941,풑,1
6942,풔,33
6943,퓌,121
6944,퓐,10
6945,퓔,4
6946,퓜,1
6947,퓡,4
6948,퓨,21
6949,퓬,9
6950,퓰,3
6951,퓸,3
6952,퓽,48
6953,프,6544
6954,픅,5
6955,픈,1279
6956,픋,1
6957,플,2235
6958,픎,12
6959,픐,60
6960,픔,3720
6961,픗,89
6962,픙,1006
6963,픠,354
6964,픤,26
6965,픨,6
6966,픱,1
6967,픳,5
6968,피,12614
6969,픽,25
6970,핀,168
6971,핃,1
6972,필,9554
6973,핌,28
6974,핍,1023
6975,핏,86
6976,핑,414
6977,핒,1
6978,하,73064
6979,학,6925
6980,한,36967
6981,핞,1
6982,핟,17
6983,할,5723
6984,핡,2
6985,핧,1
6986,함,7407
6987,합,6371
6988,핫,330
6989,항,6529
6990,핳,1
6991,해,7921
6992,핵,26
6993,핸,27
6994,핼,7
6995,햅,1
6996,햇,315
6997,했,2
6998,행,577
6999,햐,799
7000,햑,4
7001,햔,19
7002,햘,2
7003,햠,6
7004,햡,3
7005,향,14981
7006,햬,8
7007,햭,1
7008,허,24702
7009,헉,20
7010,헌,5786
7011,헏,5
7012,헐,1205
7013,험,4323
7014,헙,328
7015,헛,1335
7016,헝,1299
7017,헤,2134
7018,헥,3
7019,헨,30
7020,헬,3
7021,헴,2
7022,헷,306
7023,헹,1
7024,혀,16455
7025,혁,1578
7026,현,22282
7027,혈,4637
7028,혏,1
7029,혐,1228
7030,협,3324
7031,혓,496
7032,혔,1
7033,형,28316
7034,혜,12601
7035,혠,21
7036,혤,61
7037,혬,106
7038,혭,4
7039,혯,17
7040,혰,1
7041,혱,5
7042,호,53909
7043,혹,11497
7044,혻,1
7045,혼,13496
7046,혿,19
7047,홀,8127
7048,홇,4
7049,홈,14470
7050,홉,1250
7051,홋,54
7052,홍,9743
7053,화,41524
7054,확,1097
7055,환,13738
7056,홛,3
7057,활,3149
7058,홠,3
7059,홤,5
7060,홥,1
7061,홧,130
7062,황,22783
7063,홯,2
7064,홰,3308
7065,홱,4
7066,홴,14
7067,홸,2
7068,횃,65
7069,회,19076
7070,획,684
7071,횐,32
7072,횔,16
7073,횜,1
7074,횟,165
7075,횡,790
7076,횧,1
7077,효,11636
7078,횩,6
7079,횬,9
7080,횰,6
7081,횸,13
7082,횽,4
7083,후,46018
7084,훅,37
7085,훈,3476
7086,훋,6
7087,훌,842
7088,훎,1
7089,훔,752
7090,훕,9
7091,훗,164
7092,훙,580
7093,훠,192
7094,훤,1447
7095,훨,22
7096,훳,11
7097,훼,996
7098,휘,11895
7099,휙,5
7100,휜,22
7101,휠,8
7102,휨,1
7103,휩,2
7104,휫,53
7105,휭,31
7106,휴,1366
7107,휵,686
7108,휸,30
7109,휼,1560
7110,흄,4
7111,흉,9135
7112,흐,17822
7113,흑,1198
7114,흔,16550
7115,흖,2
7116,흗,38
7117,흘,12038
7118,흙,442
7119,흜,2
7120,흟,1
7121,흠,3572
7122,흡,1656
7123,흣,788
7124,흥,5122
7125,흫,3
7126,희,26439
7127,흭,5
7128,흰,1266
7129,흴,235
7130,흼,27
7131,흽,1
7132,흿,196
7133,힁,513
7134,히,115066
7135,힉,18
7136,힌,1623
7137,힐,1400
7138,힗,10
7139,힘,4756
7140,힙,20
7141,힛,31
7142,힝,226
7143,힞,2
7144,,1
7145,,1
7146,,1
7147,,1